,YEAR,TEAM NO,TEAM ID,TEAM,CONF,DUNKS FG%,DUNKS SHARE,DUNKS FG%D,DUNKS D SHARE,CLOSE TWOS FG%,CLOSE TWOS SHARE,CLOSE TWOS FG%D,CLOSE TWOS D SHARE,FARTHER TWOS FG%,FARTHER TWOS SHARE,FARTHER TWOS FG%D,FARTHER TWOS D SHARE,THREES FG%,THREES SHARE,THREES FG%D,THREES D SHARE,DUNKS FG% RANK,DUNKS SHARE RANK,DUNKS FG%D RANK,DUNKS D SHARE RANK,CLOSE TWOS FG% RANK,CLOSE TWOS SHARE RANK,CLOSE TWOS FG%D RANK,CLOSE TWOS D SHARE RANK,FARTHER TWOS FG% RANK,FARTHER TWOS SHARE RANK,FARTHER TWOS FG%D RANK,FARTHER TWOS D SHARE RANK,THREES FG% RANK,THREES SHARE RANK,THREES FG%D RANK,THREES D SHARE RANK,SEED,ROUND,POWER,PATH,DRAW,WINS,POOL VALUE,POOL S-RANK,NCAA S-RANK,VAL Z-SCORE,POWER-PATH,Within Trapezoid of Excellence
0,2024,1079,2,Akron,MAC,97.2,6.8,90.6,5.6,62.8,33.9,58,37.7,43.8,24.6,39.9,25.6,32,41.5,30,36.8,7,110,277,180,55,272,179,209,31,205,239,195,276,71,14,170,14,0,54.3,79.8,,0,2,54,54,,-25.5,0
1,2024,1078,3,Alabama,SEC,81.9,9.5,89.2,7.3,63.1,42.4,60.2,37.9,35.7,10.8,37.6,25.3,36.5,46.8,31.9,36.7,303,31,219,319,48,48,265,218,299,361,106,185,40,19,67,164,4,0,77.3,66.4,,4,39,13,16,,10.9,0
2,2024,1077,8,Arizona,P12,91.2,11.9,89.3,5.9,63.3,44.3,57.4,30.3,37.9,23.1,38.5,31.5,37.1,32.6,33.4,38.2,87,8,222,216,44,22,158,17,234,241,154,328,23,295,149,219,2,0,86.2,64.6,,2,91.8,2,6,,21.6,0
3,2024,1076,12,Auburn,SEC,87.7,13.2,87.1,4.7,61.7,41.4,48.3,42,41.6,21.1,33.6,24.7,35.2,37.5,29.8,33.3,172,2,151,95,74,65,2,322,98,293,12,163,113,180,9,52,4,0,81.8,67,,0,49.6,9,15,,14.8,1
4,2024,1075,14,Baylor,B12,89.2,11.6,91.8,7.2,65.7,34.8,65.7,29.8,37.5,26.9,40,34.6,39.4,38.3,33.5,35.5,135,11,312,312,19,240,359,14,249,144,244,356,7,153,153,111,3,0,80.6,65.5,,1,51.5,8,9,,15.1,0
5,2024,1073,25,BYU,B12,88.9,6.1,92.1,5.9,72.9,27.3,64.3,28.9,39.4,22,35.6,37,34.8,50.7,31.8,34.1,144,144,318,216,1,355,349,9,170,270,46,359,137,2,60,72,6,0,73,66.5,,0,22.4,19,17,,6.5,0
6,2024,1072,33,Clemson,ACC,97.2,6.4,81,5.2,64.3,34.6,51.3,33.1,40.9,25.1,41.9,26.4,35.4,40.2,34,40.6,7,128,33,142,30,245,10,65,121,192,289,218,101,104,198,287,6,0,66.8,72.6,,3,8,32,22,,-5.8,0
7,2024,1071,36,Colgate,Pat,100,1.8,97.2,3.1,62.7,35.5,58.4,34.3,40.7,26.2,36,26,35.7,38.3,29.9,39.7,2,356,361,14,56,224,203,96,130,162,57,207,83,153,12,270,14,0,53.1,79.3,,0,1.8,56,56,,-26.2,0
8,2024,1070,37,College of Charleston,CAA,92.9,7.6,86,3.4,65,34.3,66.7,33.5,29.8,18.6,32.1,29.6,34.8,47.1,33.8,36.9,51,80,126,20,23,258,361,75,362,328,5,300,137,16,171,176,13,0,57.1,76,,0,3.1,48,52,,-18.9,0
9,2024,1069,38,Colorado,P12,87,6.8,86,6.5,60.6,48.1,58,40.2,38.1,21.5,37.2,24.5,39.4,30.4,31.9,35.3,190,110,126,269,91,4,179,284,228,281,89,155,7,324,67,104,10,0,71.1,68.8,,1,16.9,21,38,,2.3,0
10,2024,1068,39,Colorado St.,MWC,93.1,5.2,89.4,3.9,67.1,37.8,58.4,32.6,42.5,23.8,38.8,33.4,33.2,38.3,34,34,48,194,226,37,9,151,203,55,62,223,166,348,219,153,198,68,10,0,63.8,76.1,,0,6.4,39,40,,-12.3,0
11,2024,1067,40,Connecticut,BE,92.1,12.9,83.3,4.7,66.6,40.7,49.3,38.3,40.6,18.4,36.2,28.5,36.7,40.9,31.9,33.2,62,3,64,95,12,79,5,227,133,331,60,280,30,89,67,50,1,0,91.3,64.5,,6,92.6,1,1,,26.8,1
12,2024,1066,43,Creighton,BE,88.9,11.9,84,3.2,67.6,30.9,52.8,33.4,50,20.3,39.6,39.4,36.1,48.9,32.2,27.2,144,8,80,15,5,329,24,72,1,302,216,362,61,7,82,5,3,0,81.6,65.1,,2,54.7,7,10,,16.5,0
13,2024,1065,45,Dayton,A10,94.4,11.7,92.7,3.7,66,32.3,59.7,26.7,36.5,23.1,38.9,32.9,40.2,44.5,31.7,40.4,35,10,330,32,18,310,243,2,279,241,178,342,3,32,56,284,7,0,66.7,73.5,,1,7.7,33,28,,-6.8,0
14,2024,1064,48,Drake,MVC,83.3,2.5,92.3,2.3,64.5,32.5,62.1,28.5,44.2,27.9,42.9,32.3,36.5,39.6,33,39.3,279,326,325,5,27,304,316,7,28,126,316,337,40,119,127,254,10,0,61.3,70.2,,0,6,41,39,,-8.9,0
15,2024,1063,50,Duke,ACC,94.6,7.8,82.4,7.1,62.6,40.5,57.3,35.1,39.4,22.1,39.3,29.4,37.7,37.4,32.6,35.5,33,70,48,305,59,84,156,126,170,265,201,295,17,183,105,111,4,0,84.8,65.7,,3,77.5,4,13,,19.1,1
16,2024,1062,246,Duquesne,A10,77.9,9,83.3,5.1,53.1,34.9,52.9,35.2,44.8,25.4,42.4,27.5,33.9,39.7,31.7,37.3,339,41,64,132,323,239,26,131,23,185,305,257,181,118,56,191,11,0,57.1,74.9,,1,3.2,47,44,,-17.8,0
17,2024,1061,55,Florida,SEC,90.4,11.1,74.5,6.7,58.3,41.6,54,40.1,40.2,23.9,41.7,27.2,34.2,34.5,32.2,32.7,100,13,4,284,162,60,46,281,145,218,284,247,164,259,82,41,7,0,67.2,71.5,,0,6.5,37,25,,-4.3,0
18,2024,1060,56,Florida Atlantic,Amer,82.9,9,80.4,4,61.7,41.7,56.7,34.5,43.8,19.5,40.5,29.3,35.6,38.8,33.6,36.3,287,41,27,43,74,58,126,104,31,312,258,293,88,136,160,138,8,0,69.3,73.2,,0,9,28,31,,-3.9,0
19,2024,1059,68,Gonzaga,WCC,94.2,5.3,88.3,5,69.9,36.5,56.5,33.6,45,32.1,32.1,29.5,35.5,31.4,34,36.9,36,190,187,116,2,195,121,80,22,56,5,298,95,309,198,176,5,0,79.7,70.5,,2,33.2,15,21,,9.2,1
20,2024,1058,247,Grambling St.,SWAC,95.2,3.7,96.9,5.6,55.9,36.2,58,35.4,37.5,34,37.4,31.2,34.1,29.8,33.7,33.4,25,277,360,180,246,203,179,137,249,37,97,323,172,333,165,55,16,0,44.6,86.7,,0,0.6,63,63,,-42.1,0
21,2024,1057,69,Grand Canyon,WAC,88.2,8,83,4.4,56.8,42.8,48,44.5,43.3,21.1,37.1,21.9,34.4,36.1,32.6,33.6,162,64,58,67,209,43,1,350,42,293,85,67,153,213,105,56,12,0,64,73.9,,1,6.4,38,45,,-9.9,0
22,2024,1056,76,Houston,B12,91,7.6,86.2,5.8,66.2,25.3,56.9,30.3,36.6,38.1,29.1,28.8,34.7,36.6,30,40.9,91,80,129,199,14,360,137,17,277,9,1,286,141,200,14,295,1,0,87.1,65.9,,2,71,6,2,,21.2,1
23,2024,1054,78,Illinois,B10,88.2,7.1,83.9,5.9,65,38.3,58.9,33.9,37.8,23.4,35.7,38.1,34.9,38.3,34.3,27.9,162,100,75,216,23,136,219,87,238,232,50,361,128,153,223,7,3,0,80.7,65.6,,3,49.6,10,12,,15.1,0
24,2024,1053,83,Iowa St.,B12,90.5,7,97.7,4.6,67.4,31.6,62.5,23.8,38.2,36.4,35,31.2,34.9,32,31.5,45,97,104,362,85,7,322,325,1,222,17,34,323,128,303,52,354,2,0,78.7,65.4,,2,36.8,14,8,,13.3,1
25,2024,1052,85,James Madison,SB,87.4,7.4,90.3,5,61.7,43.3,55.7,39.2,37,18.6,38.2,25.7,36.5,38.1,28.6,35.1,179,88,265,116,74,34,87,259,268,328,138,200,40,161,2,94,12,0,63.2,72.6,,1,5.7,43,46,,-9.4,0
26,2024,1051,86,Kansas,B12,89.2,9.6,90.8,5.9,66.2,37.7,56.9,28,41.7,32.6,34.8,30.8,33.3,29.7,33.8,41.1,135,28,285,216,14,156,137,5,94,50,27,317,211,335,171,304,4,0,78.6,69.4,,1,29.9,16,14,,9.2,0
27,2024,1050,90,Kentucky,SEC,85.7,10.2,84.2,8.1,61.5,36.8,58.9,37.2,45.1,25.9,34.9,22.9,41.2,37.3,32.6,39.9,230,18,83,348,77,184,219,186,21,167,31,95,1,187,105,277,3,0,79.9,63.5,,0,48.9,12,11,,16.4,0
28,2024,1049,99,Long Beach St.,BW,96.4,3.9,73.6,4.7,61.9,34.4,58.5,33.2,38.5,37.3,37.7,23.2,31.3,28.3,35.1,43.6,11,262,1,95,68,256,204,69,210,11,113,106,307,348,264,345,15,0,51.3,84.7,,0,1,60,57,,-33.4,0
29,2024,1048,100,Longwood,BSth,88,5.8,90.2,5,55.9,38.3,65.1,29.1,40.2,33.1,37.7,31.5,34.4,28.5,34.5,39.3,166,158,263,116,246,136,355,10,145,43,113,328,153,346,233,254,16,0,52.3,86.9,,0,1,61,61,,-34.6,0
30,2024,1047,107,Marquette,BE,91.3,9.3,86.8,6.1,61.8,41.9,56.1,35.3,42.3,17.6,37.9,21.6,35.8,40.5,33.6,43.1,86,33,142,233,69,55,102,132,71,338,123,51,75,98,160,340,2,0,81,66.1,,2,49.5,11,7,,14.9,0
31,2024,1046,248,McNeese St.,Slnd,92.8,7.6,88.1,5.2,58,45.3,52,34.6,41.7,21.1,34.8,17.2,39.4,33.6,33,48.1,53,80,176,142,171,15,16,108,94,293,27,1,7,277,127,362,12,0,62.9,78.6,,0,3.6,46,47,,-15.7,0
32,2024,1045,115,Michigan St.,B10,86.9,9,80,5.1,64.9,34,57.9,29.7,36.8,35.8,36,29,35.9,30.2,32.8,41.3,192,41,24,132,24,270,175,13,272,19,57,288,70,327,117,307,9,0,74.5,70.9,,1,23.1,18,33,,3.6,0
33,2024,1044,120,Mississippi St.,SEC,90.5,9.5,90.4,6.3,60.9,42,60.6,32.9,37.3,19.9,37.4,25.8,32.5,38.1,29.4,41.2,97,31,273,251,86,54,281,61,257,306,97,202,251,161,6,306,8,0,67.7,75.5,,0,8.2,30,32,,-7.8,0
34,2024,1042,125,Morehead St.,OVC,87.9,7.3,83.6,4.7,62.5,35.2,54.2,37.6,43.1,19.6,34.8,31.2,35.3,45.1,31.1,31.2,169,92,70,95,62,234,50,206,47,311,27,323,109,25,35,23,14,0,56.7,79.3,,0,2.4,51,55,,-22.6,0
35,2024,1041,129,Nebraska,B10,83.3,3.9,87.1,7.1,61.4,31.1,57.9,28.3,41.7,24.4,33.3,30,35.8,44.5,31.9,41.7,279,262,151,305,79,328,175,6,94,210,10,306,75,32,67,314,8,0,66.9,74.8,,0,7,36,29,,-7.9,0
36,2024,1040,130,Nevada,MWC,95.4,5.6,94.4,5.1,63.8,31.9,54.7,35.5,42.2,34.5,40.5,23.4,36.5,33.6,31.3,41.1,24,171,346,132,36,319,61,139,75,29,258,112,40,277,41,304,10,0,66.9,72,,0,8.5,29,37,,-5.1,0
37,2024,1039,131,New Mexico,MWC,84.1,5.7,84.6,6.2,59.1,45.2,57.2,39.5,37.5,25,35.8,23.9,33.4,29.8,30.6,36.6,258,162,96,241,135,16,147,269,249,194,52,138,207,333,24,153,11,0,68.3,71.2,,0,10.9,26,41,,-2.9,0
38,2024,1038,135,North Carolina,ACC,85.2,6.5,89.5,4.3,56.7,37.4,53.2,30.8,41.4,26.7,39.3,33.1,35.4,35.9,31.4,36.1,238,123,232,60,216,167,32,22,106,149,201,344,101,219,46,130,1,0,77.9,65.6,,2,27,17,4,,12.3,1
39,2024,1037,138,North Carolina St.,ACC,91.7,3.3,90.7,6.3,59.1,35.7,59.7,36.7,39.8,30.9,36.3,27.9,34.6,33.4,34.8,35.4,75,293,283,251,135,220,243,170,161,74,63,266,145,282,247,107,11,0,60.2,70,,4,5.1,44,43,,-9.8,0
40,2024,1036,147,Northwestern,B10,86.3,6.9,84.6,7.4,57.4,32.3,58.8,37.1,41.6,30.8,38.2,26.1,39.4,36.8,35.9,36.9,209,107,96,324,182,310,213,181,98,76,138,210,7,196,315,176,9,0,62.9,75.5,,1,4.2,45,36,,-12.6,0
41,2024,1035,150,Oakland,Horz,90.7,6.2,89.5,6.3,62.8,28.8,56.8,29.5,41.4,30.4,44.2,29.8,35.1,40.8,33.9,40.7,94,140,232,251,55,346,130,12,106,82,340,301,119,93,182,289,14,0,52.3,78.3,,1,1.9,55,53,,-26,0
42,2024,1034,157,Oregon,P12,94.6,7.3,91.5,5.8,60.6,37.5,59.8,33.9,41.2,25.8,42.3,29.9,33.6,36.7,34.3,36.2,33,92,302,199,91,165,248,87,112,172,302,304,197,199,223,134,11,0,60.9,70,,1,5.9,42,42,,-9.1,0
43,2024,1033,167,Purdue,B10,95.6,10.9,91.7,5.6,66.7,33.4,64.3,28.8,38.9,31.7,34.4,34,40.8,35,31.4,37.2,21,14,310,180,11,287,349,8,194,62,20,351,2,247,46,189,1,0,87,65.3,,5,79,3,3,,21.7,1
44,2024,1032,175,Saint Mary's,WCC,88.2,5.7,82.6,3.8,58.9,44.6,50.8,38.1,39,18.7,35.3,32.9,35.5,36.7,32.4,29,162,162,53,35,146,21,8,222,187,323,38,342,95,199,88,8,5,0,73.8,69.5,,0,22.1,20,20,,4.3,0
45,2024,1031,176,Saint Peter's,MAAC,83.7,3.6,89.7,3.7,48.5,36,51.8,37.8,35.8,32.9,38.9,27.6,33.9,31.1,31.5,34.5,265,282,247,32,359,212,13,213,298,46,178,260,181,314,52,81,15,0,49.9,84.2,,0,0.9,62,60,,-34.3,0
46,2024,1030,249,Samford,SC,78.9,5,79.7,5.6,60.2,42.6,55.8,37.1,43.4,16.5,39.3,22.8,39.3,40.9,33.9,40.1,334,203,21,180,101,45,91,181,39,344,201,90,8,89,182,283,13,0,58.5,77.7,,0,2.8,50,51,,-19.2,0
47,2024,1029,179,San Diego St.,MWC,83.3,6.7,89.4,4.3,60.2,32.9,56.9,33,41.9,29.3,37.5,26.5,31.3,37.8,30.5,40.5,279,114,226,60,101,297,137,62,84,104,101,223,307,169,22,286,5,0,71.5,68.2,,2,14.7,22,18,,3.3,0
48,2024,1028,185,South Carolina,SEC,83.6,6.4,79.5,5.7,59.4,38,54.5,35.7,36,21.1,38.7,33,33.5,40.9,33.6,31.3,268,128,19,189,121,147,56,144,292,293,162,343,202,89,160,27,6,0,63.5,69.4,,0,7.4,35,24,,-5.9,0
49,2024,1027,186,South Dakota St.,Sum,86,10.8,95.2,4.4,62.4,36.7,60.5,27.7,45.6,23.1,36.4,25.2,36.2,40.2,35.2,47.1,220,15,352,67,63,189,276,4,15,241,66,183,53,104,272,361,15,0,52.4,77.6,,0,2.2,53,59,,-25.2,0
50,2024,1026,250,Stetson,ASun,91,6.5,84.4,3.8,55.5,32.9,55.9,38.7,48.5,25.3,46.4,23.9,36.5,41.8,34.5,37.4,91,123,86,35,260,297,97,241,4,188,355,138,40,68,233,193,16,0,47.1,91,,0,0.5,64,62,,-43.9,0
51,2024,1025,197,TCU,B12,87.5,7.4,89.8,8.1,60.2,42.3,58.4,41.6,37.3,27.5,37.7,23.2,35.6,30.2,32.8,35.2,178,88,248,348,101,51,203,316,257,134,113,106,88,327,117,99,9,0,66.7,71.4,,0,7.6,34,35,,-4.7,0
52,2024,1024,199,Tennessee,SEC,83.3,9.8,85.4,3.7,57.6,36.7,51.6,35.6,41.7,22,32.9,23,34.2,41.3,31.4,41.4,279,25,114,32,178,189,11,140,94,270,8,101,164,77,46,310,2,0,85.4,65.8,,3,74.3,5,5,,19.6,1
53,2024,1023,200,Texas,B12,88.7,12.3,85.2,7.2,67.2,33.3,54.3,39.6,38.9,31.9,37.5,28,36.2,34.8,34.9,32.4,147,6,109,312,8,290,52,271,194,60,101,267,53,253,252,37,7,0,73.4,72.9,,1,13,23,27,,0.5,0
54,2024,1022,201,Texas A&M,SEC,81.3,5.6,85.2,7.5,54.6,39.6,58.2,31.5,33.5,22.2,37.8,23.6,28.4,38.1,33.9,44.9,315,171,109,329,287,97,192,35,340,262,117,117,354,161,182,353,9,0,68.2,72.8,,1,8.2,31,34,,-4.6,0
55,2024,1021,204,Texas Tech,B12,91.7,8.7,88.9,6,61.5,34.1,60.5,31.7,37.9,24.8,37.9,29.3,36.5,41.1,32.1,39,75,45,209,226,77,265,276,38,234,198,123,293,40,82,77,247,6,0,66,67.3,,0,11.4,25,23,,-1.3,0
56,2024,1020,207,UAB,Amer,88.5,7.7,81.7,6.5,57.3,42.2,58.6,38.3,39.3,26.5,37.2,24.9,33.1,31.3,35,36.7,153,74,41,269,184,53,207,227,176,154,89,174,222,312,261,164,12,0,55.7,74.2,,0,3,49,48,,-18.5,0
57,2024,1019,221,Utah St.,MWC,86.4,9.9,95.4,5.6,64.2,43.7,59.1,39.8,43.7,22.9,43,23.5,32.1,33.4,29,36.7,208,22,353,180,31,29,225,274,33,247,317,114,273,282,3,164,8,0,64.6,74.2,,1,6.1,40,30,,-9.6,0
58,2024,1018,227,Vermont,AE,87.3,5.4,80,2.2,59.6,33.8,53.8,37.2,43.1,22.1,36,26.4,33.5,44.1,31.5,36.5,182,183,24,3,113,275,42,186,47,265,57,218,202,35,52,148,13,0,55.5,81.5,,0,1.7,57,49,,-26,0
59,2024,1016,251,Wagner,NEC,86.4,2.2,91.8,5.3,52.3,30.2,55.9,34.5,33.7,31.6,43.9,24.3,31.6,38.2,29.9,41.1,208,338,312,152,334,336,97,104,335,67,336,150,295,156,12,304,16,0,44.7,77.8,,0,1.1,59,64,,-33.1,0
60,2024,1015,233,Washington St.,P12,92.6,8.2,80.6,5.6,60.9,38.5,53.8,37.9,41.9,29.5,38.4,30.6,34,32,32,31.5,55,55,29,180,86,124,42,218,84,97,150,314,177,303,71,30,7,0,66.4,68.8,,1,12,24,26,,-2.4,0
61,2024,1014,236,Western Kentucky,CUSA,89.1,5,81.7,5.4,57.1,45.6,57.1,36,42.3,23.5,35,23.9,34.4,31,32.2,40.1,136,203,41,158,194,13,143,154,71,230,34,138,153,317,82,283,15,0,52.5,80,,0,1.6,58,58,,-27.5,0
62,2024,1013,240,Wisconsin,B10,83.6,5.1,92.3,5.2,59.3,39.1,64.5,31.1,42.3,25.5,37.7,34.5,34.8,35.4,37.1,34.4,268,197,325,142,127,105,350,27,71,183,113,355,137,228,346,77,5,0,68.9,71.7,,0,9.1,27,19,,-2.8,0
63,2024,1012,245,Yale,Ivy,93.9,3,85.3,3.5,59.3,38.8,58.7,32.1,42.4,25.8,36.8,26.6,34.6,35.3,34,41.4,40,308,112,25,127,112,210,43,64,172,73,228,145,234,198,310,13,0,57.6,79.1,,1,2.4,52,50,,-21.5,0
64,2023,1011,3,Alabama,SEC,88.7,13,85.2,5.3,60.7,38.9,49.7,32,34.6,13.9,33.4,38.1,33.5,47.2,28.3,30,160,5,92,145,115,95,3,50,310,361,24,363,198,9,4,10,1,16,85.2,63.8,1.51,2,74.7,4,1,0.144,21.4,0
65,2023,1010,8,Arizona,P12,90.9,9.4,90.9,5.7,68,36.9,60.7,27.6,39.5,25.4,34.4,33.7,37.8,37.7,32.3,38.7,105,35,255,182,1,156,254,5,133,217,39,350,17,173,82,232,2,64,80.9,65.3,0.65,0,57.5,7,7,-0.247,15.6,0
66,2023,1009,9,Arizona St.,P12,88.6,10.1,81.4,6.7,56.5,32.3,49.5,36,39.3,28.3,35.1,25,32.2,39.3,34.1,39,163,23,34,262,261,293,2,178,138,145,51,135,278,123,197,247,11,64,60.2,75.2,-0.27,0,4.3,48,45,-0.714,-15,0
67,2023,1008,10,Arkansas,SEC,92,11.7,95.8,6.8,66.3,40,56.5,41.4,35.4,32.3,34,28.1,31.3,27.7,31.1,30.5,74,9,355,274,10,65,101,332,293,51,34,247,319,349,36,18,8,16,78.1,75.6,-0.6,2,23.1,19,30,2.032,2.5,0
68,2023,1007,12,Auburn,SEC,93.5,10.8,88.9,7.8,60.7,38.6,56.2,40.8,35.9,26.2,31.9,24.7,31.5,35.2,28.8,34.5,53,12,200,328,115,101,84,325,268,189,9,124,311,253,6,86,9,32,71.9,72.7,0.54,1,13.8,26,35,1.469,-0.8,0
69,2023,1006,14,Baylor,B12,83.8,7.4,95.7,7.9,65.9,24.9,71.6,29.6,39.9,30.3,36.7,32.5,36.8,44.9,32.5,37.9,279,92,353,332,14,362,363,18,120,93,105,340,39,25,91,206,3,32,78.8,66.8,0.22,1,44.5,11,9,0.337,12,0
70,2023,1005,17,Boise St.,MWC,84.1,5.3,82.4,5.6,62.9,31.9,59.6,33.8,37.8,30,33.9,28.4,36,38.1,31.7,37.8,272,190,47,176,57,305,213,94,202,105,32,258,77,158,61,202,10,64,65.7,70.2,0.95,0,8.7,36,37,0.225,-4.5,0
71,2023,1004,36,Colgate,Pat,95.7,1.8,91.8,3.9,63.4,42.3,61.2,31.2,45.1,23.2,42.2,31.9,40.5,34.5,35.6,37,20,348,295,38,45,24,269,39,12,268,321,336,1,273,275,175,15,64,54.9,79.2,0.85,0,2.3,55,60,0.974,-24.3,0
72,2023,1003,37,College of Charleston,CAA,86.5,4.6,79.5,3.2,60.9,33.8,60.7,33,37.5,18.8,38.3,35.1,33,47.3,30.1,31.9,223,229,24,16,110,249,254,74,214,334,179,355,224,8,18,31,12,64,60.9,71.1,1.29,0,6.4,41,47,0.596,-10.2,0
73,2023,1002,40,Connecticut,BE,85,11.8,86.8,4.6,64.2,37.8,53.4,37.9,34.1,20.5,33.6,31.7,36.3,41.7,29.7,30.4,254,8,142,86,29,123,24,251,321,316,27,334,63,70,15,15,4,1,83.3,68.8,-0.46,6,58.3,6,13,1.068,14.5,1
74,2023,1001,43,Creighton,BE,94.7,10.4,78.9,4.3,63.6,37,56.6,32.7,40.3,21.3,36.3,37.8,35.4,41.7,33.6,29.5,33,17,19,67,38,151,103,63,97,309,88,362,99,70,149,9,6,8,77.4,69.5,0.47,3,35.3,13,22,1.858,7.9,0
75,2023,1000,48,Drake,MVC,72.7,2.7,88.2,2.8,61.8,30.6,55.2,29,42.6,32.9,39.7,32.8,36.4,36.5,31.3,38.2,358,328,184,8,89,333,57,15,41,40,250,342,59,213,45,217,12,64,60.4,69.8,1.7,0,6.8,40,49,0.777,-9.4,0
76,2023,999,50,Duke,ACC,92.4,8.8,85.7,5.8,60.5,40.8,55.6,35.1,36.2,23.9,34.9,29.2,33.5,35.3,30.5,35.6,67,51,105,191,117,46,66,143,259,252,47,293,198,252,21,131,5,32,79.5,69.7,0.16,1,37,12,18,1.021,9.8,0
77,2023,998,54,Fairleigh Dickinson,NEC,79.4,2.5,90.9,6.6,57.4,36.4,64.2,36.6,42.3,26,42.5,23.3,34.3,37.7,35.3,40.1,333,337,255,258,228,175,341,203,48,196,332,67,164,173,265,282,16,32,43.5,79.4,1.82,1,0.8,62,68,-0.055,-35.9,0
78,2023,997,56,Florida Atlantic,CUSA,77.3,7.1,93.2,4.2,58.6,40,51.5,32.3,41.8,16.1,38.1,33,36.6,43.9,32.4,34.7,346,103,324,59,184,65,8,57,58,355,172,343,44,36,86,93,9,4,69.7,72.6,0.57,4,13,29,33,1.269,-2.9,0
79,2023,996,60,Furman,SC,91.5,9.1,93.6,3.8,65.9,37.8,60,40.3,39.7,15.6,37.8,24.9,34.1,46.7,32.7,34.8,84,41,329,35,14,123,233,317,128,357,159,129,172,12,101,97,13,32,57.4,70.9,1.47,1,5,43,53,1.02,-13.5,0
80,2023,995,68,Gonzaga,WCC,92.9,5.7,84.3,6.2,67.5,39.7,60.6,34.8,44.9,27.7,37.3,26.2,37.5,32.6,35.2,39,62,172,76,234,3,77,250,128,13,154,135,186,24,306,260,247,3,8,83.9,66.3,0.51,3,62.9,5,10,1.418,17.6,0
81,2023,994,69,Grand Canyon,WAC,78.6,5.2,86.3,3.9,53.8,38,53.3,41.1,44.4,21.3,37.4,26.3,37.5,40.7,32.3,32.6,341,193,123,38,322,117,22,328,17,309,143,191,24,92,82,43,14,64,55.6,82.3,-1.13,0,1.7,59,57,-0.773,-26.7,0
82,2023,993,76,Houston,Amer,94,9.8,83.6,6.1,67.4,29.7,55.1,32.2,39.9,32.4,27.8,24.4,34,37.9,27.9,43.5,44,27,62,225,4,347,53,53,120,50,1,113,175,163,2,340,1,16,89.5,63.7,1.58,2,116,1,2,2.107,25.8,1
83,2023,992,77,Howard,MEAC,81.5,5.5,90.2,6.9,58.1,41.5,58.7,34.3,34.2,22,41.9,28.8,36.9,36.5,33.8,36.8,313,179,232,282,204,35,167,110,318,296,312,278,33,213,170,167,16,64,47.9,81.6,1.26,0,1,61,64,0.677,-33.7,0
84,2023,991,78,Illinois,B10,93,8.8,79.1,5,66.1,36,54.6,33.2,37.1,22.1,36.5,36.3,30.8,41.9,33.4,30.5,60,51,21,119,12,188,44,81,231,295,95,358,336,64,141,18,9,64,72.1,79,-1.38,0,9.1,35,36,0.296,-6.9,0
85,2023,990,79,Indiana,B10,91.4,10.1,82.8,6.7,62.6,39.7,52.6,34.9,41.6,33.6,36.2,27.3,36.8,26.6,33.4,37.8,89,23,54,262,68,77,17,136,63,30,84,225,39,354,141,202,4,32,76.5,67.1,0.58,1,33.9,16,15,-0.182,9.4,0
86,2023,989,81,Iona,MAAC,80.9,7.6,80.7,6.7,55.8,39.5,52.3,39.3,42.9,28.5,39.4,26.1,36.2,32,29.7,34.6,323,85,29,262,284,83,14,295,36,142,226,182,67,312,15,89,13,64,61.8,80.7,-0.83,0,3.2,53,52,-0.093,-18.9,0
87,2023,988,82,Iowa,B10,84.4,4.9,96,5.6,63,36.6,61.7,37.2,36.6,25.9,41.4,30.5,34,37.5,36.6,32.3,268,208,356,176,52,165,285,228,249,201,296,314,175,181,320,38,8,64,66.3,77.2,-1.18,0,5.5,42,32,-0.901,-10.9,0
88,2023,987,83,Iowa St.,B12,91.2,7.3,80,5.9,64.5,34.3,67.8,24.5,34.5,31.9,33.5,28.8,33.1,33.8,33.7,46.7,93,96,27,203,27,232,360,1,311,57,25,278,217,286,157,355,6,64,68.3,65.7,1.63,0,14.9,24,21,-0.337,2.6,0
89,2023,986,86,Kansas,B12,89.8,9,82.5,5.9,63.5,40.3,59.2,36.1,36.6,25.9,32.2,28.6,34.7,33.8,31,35.3,127,43,48,203,42,59,195,183,249,201,10,270,144,286,31,120,1,32,81.7,68.6,-1.85,1,35.2,14,3,-1.734,13.1,0
90,2023,985,87,Kansas St.,B12,86.8,9.7,89,5.6,62.6,43.2,61.5,35.1,32.4,20.7,33.9,28,34.3,36.1,30.8,36.9,215,29,203,176,68,18,279,143,351,315,32,246,164,229,27,171,3,8,72.1,65.2,1.14,3,26.6,18,11,-0.715,6.9,0
91,2023,984,88,Kennesaw St.,ASun,85.9,6.9,91.8,4.5,58.7,37.5,56.8,36.1,39.9,24.9,41.8,25.1,36.8,37.6,34.5,38.9,233,109,295,79,182,131,110,183,120,233,307,137,39,175,222,241,14,64,51.8,73.4,1.28,0,2.6,54,55,-0.117,-21.6,0
92,2023,983,89,Kent St.,MAC,90.4,6.7,86,5.3,61.6,35.9,56.1,35.6,37.2,25.8,35.8,24.3,33.2,38.3,31,40.1,113,116,113,145,92,191,82,162,226,205,73,104,214,149,31,282,13,64,60.5,74.6,0.6,0,4.9,46,51,0.958,-14.1,0
93,2023,982,90,Kentucky,SEC,92.5,9.3,92,7,64.8,33.8,60.5,35.4,36.2,36.2,34.2,29.1,34.7,30,32.4,35.5,66,38,298,288,23,249,247,153,259,11,37,289,144,331,86,127,6,32,77.4,67.6,1.05,1,45.4,10,23,2.945,9.8,0
94,2023,981,101,Louisiana Lafayette,SB,84.6,3.2,93,4.7,62.8,36.9,59.4,39.1,39.2,31.4,36.6,30.8,36.5,31.7,35.6,30.1,262,301,323,92,61,156,202,286,143,69,102,321,50,316,275,11,13,64,56.9,81.5,-1.01,0,1.8,58,54,-0.958,-24.6,0
95,2023,980,107,Marquette,BE,95.6,10.9,86,7.7,64.7,41.1,59.7,38,42.3,17,35.8,24.4,35.3,41.9,34.6,37.6,22,11,113,323,25,41,217,255,48,349,73,113,103,64,230,192,2,32,72.8,64.4,1.22,1,26.9,17,8,-1.53,8.4,0
96,2023,979,109,Maryland,B10,80.2,6.7,86.7,5.8,59.9,36.4,55.9,37,40.8,26.8,37.3,31.1,32.8,36.9,32.3,31.9,330,116,137,191,127,175,75,221,81,175,135,328,245,198,82,31,8,32,67.6,73.1,0.31,1,10,32,31,-0.151,-5.5,0
97,2023,978,111,Memphis,Amer,83.2,8.8,86.1,6,63.2,40.7,55,34.3,39.3,30.2,35.3,22.8,35.3,29.1,30.8,42.9,286,51,117,217,48,49,51,110,138,98,55,55,103,341,27,334,8,64,69.6,73.3,0.24,0,10.1,31,29,-0.135,-3.7,0
98,2023,977,113,Miami FL,ACC,90.6,8.8,91.5,5.2,63.5,38.2,59.8,34.9,40.3,27.6,41.4,26.6,36.8,34.2,33.5,38.5,110,51,286,131,42,114,222,136,97,155,296,203,39,276,144,223,5,4,66.5,68.9,0.55,4,9.7,33,20,-1.027,-2.4,0
99,2023,976,115,Michigan St.,B10,89.2,5.5,88.1,6.8,59,29.3,61.4,32.9,39.9,38,33.4,28.3,39.6,32.8,32.8,38.8,143,179,177,274,172,353,276,72,120,7,24,254,3,301,104,237,7,16,64.3,68.3,1.25,2,10.8,30,26,-0.324,-4,0
100,2023,974,122,Missouri,SEC,90.9,10.2,90.9,8.9,65,35.9,63.7,33.1,39.9,20.8,35.4,22.6,36,43.2,35,44.2,105,21,255,351,22,191,336,78,120,314,56,52,77,48,253,347,7,32,60.8,72.5,-0.12,1,4.7,47,27,-1.231,-11.7,0
101,2023,973,124,Montana St.,BSky,89.5,9.9,88.2,2.9,62,39.6,54.7,36.7,38.8,27,41.3,29.2,31.8,33.4,34.6,34,137,24,184,10,82,79,46,206,160,173,290,293,302,295,230,74,14,64,53.2,72.1,1.64,0,3.2,52,58,0.321,-18.9,0
102,2023,971,138,North Carolina St.,ACC,81.3,4.7,90.4,7.3,60.3,31.8,59.5,41.2,41.7,31.1,36.9,25.3,34.7,37.1,31.6,33.5,317,220,238,304,121,307,210,330,61,75,114,144,144,192,57,59,11,64,63.9,76.8,-0.88,0,4.9,45,41,-0.616,-12.9,0
103,2023,970,146,Northern Kentucky,Horz,80.9,6.1,86.5,4.9,51.4,34.2,56.7,36,41.9,24.9,38.7,25.3,34.3,40.9,36.4,38.7,323,147,130,109,349,238,105,178,55,233,195,144,164,86,311,232,16,64,51.1,89.2,-0.66,0,0.7,64,63,-0.421,-38.1,0
104,2023,969,147,Northwestern,B10,91.1,7.8,94,6.4,55.9,33,57.7,32.7,35,26,32.8,25.4,32.1,41,33.8,41.9,95,78,338,245,280,276,134,63,302,196,16,148,286,82,170,319,7,32,63.3,73.4,-0.42,1,4.9,44,28,-1.201,-10.1,0
105,2023,968,156,Oral Roberts,Sum,92.3,8.7,92.9,3.6,62.2,35.1,54.3,34,44.3,18.9,37.2,26.6,36.5,46,34.3,39.4,71,52,318,27,76,212,36,101,18,333,129,203,50,15,211,261,12,64,61.5,78.8,-1.15,0,3.3,51,48,-0.811,-17.3,0
106,2023,967,161,Penn St.,B10,84.1,3.9,91.2,4.2,62,26.3,61.1,27.7,44.4,26.6,39.6,34.7,38.7,47.1,32.7,37.6,272,267,269,59,82,361,267,6,17,180,242,354,7,10,101,192,10,32,63.5,67.8,1.67,1,7.7,37,38,-0.038,-4.3,0
107,2023,966,162,Pittsburgh,ACC,80.9,7.6,90.2,7.2,59.4,32.4,56.2,34.9,40.6,24.2,37.3,25.6,36,43.4,32.6,39.5,323,85,232,296,145,290,84,136,86,246,135,158,77,46,95,265,11,32,61.2,69.5,1.87,1,7.5,39,44,-0.193,-8.3,0
108,2023,965,165,Princeton,Ivy,89.6,6.4,90.7,3.6,57.1,44,53.9,38.3,42.6,15.2,40.3,28.8,33.7,40.8,32.7,32.9,133,131,245,27,234,13,30,260,41,359,267,278,187,88,101,45,15,16,54.7,79.6,0.75,2,2.2,57,61,0.841,-24.9,0
109,2023,964,166,Providence,BE,87.7,8.5,88.6,6.7,59.2,43.4,56.4,42.2,36.1,24.7,36.7,24.2,34.6,31.9,33.8,33.6,194,58,192,262,156,17,97,344,262,236,105,98,147,314,170,62,11,64,65,74.7,-0.09,0,7.7,38,42,-0.16,-9.7,0
110,2023,963,167,Purdue,B10,95.5,9.3,77.8,4.8,63.8,32.5,62.2,27.1,43.2,29.1,36.4,37.5,32.2,38.4,31.3,35.5,26,38,13,98,35,284,301,3,31,131,91,361,278,147,45,127,1,64,79.5,64.5,1.02,0,47.1,9,4,-1.168,15,0
111,2023,962,175,Saint Mary's,WCC,91.7,3,86.1,3,56.9,43.5,53.4,37.7,37.3,19.7,36.1,30.2,36.1,36.8,33.3,32,80,313,117,12,242,16,24,245,222,324,83,310,71,203,132,33,5,32,73.4,70.6,-0.27,1,18.3,22,19,-0.382,2.8,0
112,2023,961,179,San Diego St.,MWC,87.5,7.8,75,5.4,61.5,31.3,56.8,34.7,36.7,34.8,38.9,25.3,34,33.9,28.3,40,200,78,5,156,96,315,110,125,243,20,209,144,175,284,4,280,5,2,70.6,67.5,1.23,5,20.9,21,17,-0.187,3.1,0
113,2023,959,197,TCU,B12,85.2,7.2,90,6.8,61.4,45.5,57.2,38.7,33.2,24.6,37.4,26.3,31,29.9,30.8,35,249,99,227,274,100,5,119,269,340,240,143,191,330,334,27,105,6,32,71.9,69.4,0.5,1,13.7,27,24,-0.466,2.5,0
114,2023,958,199,Tennessee,SEC,90.4,8.3,73.7,5.2,63.2,31.9,53.8,33.5,35.7,28,33.3,24.7,32.8,40.1,26.5,41.8,113,64,3,131,48,305,28,87,276,150,21,124,245,105,1,317,4,16,83.7,67,0.64,2,78.4,3,14,2.098,16.7,1
115,2023,957,200,Texas,B12,91,7.4,88.2,4.9,66.1,32.4,59.4,35.1,42.1,33.1,34.5,30.2,34.7,34.5,32.4,34.8,97,92,184,109,12,290,202,143,53,35,42,310,144,273,86,97,2,8,80.3,65.8,0.33,3,47.7,8,6,-0.658,14.5,0
116,2023,956,201,Texas A&M,SEC,86,6.8,87.3,6.8,58,39.5,60.2,30.3,34.9,26,30.8,24,32.6,34.5,33,45.7,230,110,155,274,208,83,236,26,304,196,4,91,259,273,116,352,7,64,68.7,65.1,2.29,0,15.4,23,25,0.361,3.6,0
117,2023,955,202,Texas A&M Corpus Chris,Slnd,90,1.6,97.6,4.1,56.5,41.5,62.6,34,34.1,24,42.3,24.5,36.4,34.5,33.8,41.5,123,355,362,50,261,35,317,101,321,249,324,118,59,273,170,312,16,64,47.5,85,0.4,0,0.8,63,65,-0.055,-37.5,0
118,2023,953,210,UC Santa Barbara,BW,88.1,4.7,91.5,3.8,63.5,40.6,58.3,37.5,43.2,30.3,38.5,31,34.9,29.1,34.6,31.5,182,220,286,35,42,50,158,236,31,93,186,326,130,341,230,26,14,64,54.8,78.1,0.01,0,2.2,56,56,-0.408,-23.3,0
119,2023,952,212,UCLA,P12,90.2,7.7,80.8,6,62.7,35.7,53.6,33.9,38.3,35.3,38.5,27.4,34.9,29,31.1,38.8,120,81,31,217,64,196,26,99,180,18,186,232,130,342,36,237,2,16,86.5,65,0.84,2,89.4,2,5,1.091,21.5,0
120,2023,951,214,UNC Asheville,BSth,92.7,7.4,91.5,6.2,61.4,35.3,59,37.7,37.9,27.4,37,28.5,38.6,37.3,30.6,33.8,64,92,286,234,100,209,185,245,193,160,121,263,8,186,22,69,15,64,52.2,84.8,-0.62,0,1.1,60,62,-0.616,-32.6,0
121,2023,950,218,USC,P12,82.2,8,88.2,5.5,62.8,30.9,53.1,32.2,40.9,36.1,31.9,30.8,34.5,33,33.4,37.1,300,71,184,165,61,328,19,53,76,12,9,321,154,298,141,180,10,64,64.7,67.2,1.84,0,13.3,28,39,1.436,-2.5,0
122,2023,949,221,Utah St.,MWC,85,12,85.9,4.8,63.5,36.1,55.2,35.7,39.7,21.9,35.6,30.1,37.9,42,34.5,34.1,254,7,108,98,42,182,57,166,128,299,63,303,15,62,222,79,10,64,67.3,67.3,1.81,0,14.9,25,40,1.857,0,0
123,2023,948,226,VCU,A10,86.2,10.3,86.6,7.7,59.7,45.2,53.2,44,36,22.2,32.9,21.9,34.8,32.7,31.9,34.1,229,19,136,323,135,8,21,357,265,291,17,32,136,304,68,79,12,64,61.3,75.5,-0.11,0,4.1,49,50,-0.448,-14.2,0
124,2023,947,227,Vermont,AE,97.1,3.3,88.2,2.9,63.1,33.8,58.8,35.3,44.2,22.9,39.4,28.6,36,43.4,35.1,36.1,9,293,184,10,50,249,174,147,22,277,226,270,77,46,255,147,15,64,53.6,72.2,2.69,0,3.7,50,59,2.829,-18.6,0
125,2023,946,229,Virginia,ACC,89.7,9.4,81.5,5.2,60.6,37.1,56.3,30.3,36.7,27.3,36.3,29.7,35,35.6,34.1,40,132,35,35,131,116,146,88,26,243,165,88,298,122,243,197,280,4,64,71.4,66.4,1.01,0,21.3,20,16,-0.828,5,0
126,2023,945,235,West Virginia,B12,89.7,6.3,92.8,6.9,60.3,33.3,58.5,39.5,40.7,30.5,38.8,25.4,35,36.3,34,35.1,132,139,315,282,121,262,163,297,84,85,203,148,122,218,184,111,9,64,66.7,72.6,0.57,0,9.1,34,34,0.296,-5.9,0
127,2023,944,244,Xavier,BE,90.9,5.7,89.2,6.1,60.8,39.7,57.9,37.1,44.1,29.1,36.8,29.4,39,31.2,35.8,33.5,105,172,210,225,111,77,145,224,24,131,111,295,4,320,284,59,3,16,74.2,62.2,2.87,2,34.3,15,12,-0.263,12,0
128,2022,943,2,Akron,MAC,86.9,6.3,90.5,3.7,61.6,30.2,54,36.1,42.3,28.4,39,28.6,35.3,41.4,34.9,35.3,210,125,239,33,87,324,34,208,30,143,238,246,80,95,255,101,13,64,53,81,-0.9,0,1.4,57,52,-1.205,-28,0
129,2022,942,3,Alabama,SEC,91.5,10.8,86.7,7.5,64.3,37.8,59.2,36.8,33.9,14.5,35.9,27.5,30.9,47.6,33.8,35.7,79,20,138,309,34,107,178,229,317,355,101,210,303,12,198,108,6,64,74.9,69.9,0.34,0,21,17,21,0.319,5,0
130,2022,941,8,Arizona,P12,90.8,15.7,80.6,4.6,68.5,41.9,55.4,30,35.4,22.3,30.3,35.3,35.3,35.9,32.8,34.7,102,1,33,98,6,19,65,30,266,285,5,346,80,224,130,83,1,16,84.1,64.9,0.74,2,56.5,10,2,-0.722,19.2,0
131,2022,940,10,Arkansas,SEC,87.2,8,91.9,5.6,62.5,36.5,61.1,31.8,34.9,29.3,31.2,29.4,30.4,34.2,32.5,38.8,205,63,281,183,70,142,263,69,286,120,11,280,316,261,118,227,4,8,74,69.2,-0.71,3,19.8,18,16,-0.904,4.8,0
132,2022,939,12,Auburn,SEC,92.5,14.3,76.7,6.7,61.9,36.4,50.7,38.4,34.8,23.8,31.1,25.6,31.8,39.8,31,36,57,2,10,273,81,146,8,287,291,260,7,147,273,124,48,120,2,32,82.8,62.7,2.29,1,79.9,2,5,0.693,20.1,0
133,2022,938,14,Baylor,B12,91.9,10.5,89,7.5,68.2,32.5,64.2,31.7,37.3,29.2,34.4,32.1,34.3,38.4,30.2,36.2,68,22,194,309,7,259,331,65,187,122,44,325,132,159,31,129,1,32,85.8,67.1,-0.8,1,65.7,7,4,-0.284,18.7,1
134,2022,937,17,Boise St.,MWC,91.2,5,86.6,5.6,63.8,33.9,60,31.3,34.3,27.5,37.5,35.8,34,38.6,32.6,32.9,87,200,136,183,44,211,211,55,310,159,178,348,160,157,122,36,8,64,65.2,79,-1.84,0,4.6,49,29,-1.051,-13.8,0
135,2022,935,28,Cal St. Fullerton,BW,85.7,5.4,79.2,4.6,58.4,37.9,61.1,33.3,36.7,32.2,34.5,30.3,33.4,29.9,37.3,36.4,234,164,21,98,191,101,263,108,219,72,48,298,192,341,334,136,15,64,50.8,83.5,-0.28,0,1.1,62,60,-0.616,-32.7,0
136,2022,934,31,Chattanooga,SC,78.7,4,83.6,5.6,59.1,38,60.5,35.8,43,23.3,39.5,23.9,33.9,38.7,30.3,40.3,327,246,67,183,168,98,238,193,19,271,258,87,169,151,34,266,13,64,59.8,77.5,-0.08,0,3.1,51,49,-0.154,-17.7,0
137,2022,933,36,Colgate,Pat,100,2.2,94.1,2.6,57.7,42.1,57.1,34.6,37.3,15.9,37.5,29.8,40.3,42,33.7,35.6,7,333,330,4,212,16,109,153,187,347,178,287,2,84,191,106,14,64,54.6,67.3,2.94,0,5.2,43,55,1.779,-12.7,0
138,2022,932,39,Colorado St.,MWC,87.9,5.8,88.7,5.6,65.4,32.4,63.9,27.7,44.4,28,38.4,28.4,35.6,39.6,32.7,43.9,181,144,185,183,22,266,324,9,9,149,218,236,69,128,127,337,6,64,63.3,73.3,-0.7,0,5.3,42,24,-1.37,-10,0
139,2022,931,40,Connecticut,BE,85.6,7.3,84.5,5.6,57.2,35,51.8,39,37.3,30.5,30.1,28.4,35.2,34.5,35.3,32.6,236,85,84,183,229,182,15,302,187,94,4,236,82,255,272,32,5,64,71.1,68.6,0.7,0,15.7,22,17,-0.577,2.5,0
140,2022,930,43,Creighton,BE,90.7,12.2,81.3,5.1,63.2,36.4,52,33.5,39.2,25.5,35.2,33.2,30.8,38.1,31.7,33.2,106,9,37,135,54,146,17,118,119,217,71,335,307,167,68,46,9,32,62.9,72.5,0.6,1,5.7,40,33,-0.553,-9.6,0
141,2022,929,44,Davidson,A10,94.3,5,88.9,5.3,66.9,28.3,56.1,27,42.5,30.5,42.2,29.2,38.5,41.1,33.6,43.8,32,200,191,148,10,343,81,5,25,94,322,270,4,104,181,335,10,64,62.2,71.7,0.5,0,5.9,39,40,-0.512,-9.5,0
142,2022,928,46,Delaware,CAA,89.4,9,80,4.7,62,39.2,53.1,38.6,41.2,22.6,39.4,25.4,34.5,38.2,35.4,36,141,37,27,108,78,67,26,295,53,280,251,137,117,164,275,120,15,64,52,79.3,0.82,0,1.6,55,57,0.046,-27.3,0
143,2022,927,50,Duke,ACC,89.7,13.4,86.2,7.5,66.7,38.7,55.4,36.5,39.8,25.6,35.9,29.9,36.6,35.7,32,33.6,129,3,124,309,13,78,65,222,95,214,101,289,39,232,84,59,2,4,85,64.9,0.9,4,76.1,3,8,0.533,20.1,1
144,2022,926,66,Georgia St.,SB,78.3,2.3,87.8,4.5,51.8,29.7,53.3,35.5,34.4,34,36.8,27.1,32.4,36.3,37.5,37.5,331,329,165,85,342,328,29,183,304,44,136,195,243,208,340,182,16,64,52.9,89.8,-0.81,0,0.8,64,61,-0.055,-36.9,0
145,2022,925,68,Gonzaga,WCC,96.6,9,88.5,3.8,70.4,41,49.5,34.5,42.9,23.7,33.5,32.2,37,35.3,30.5,33.3,15,37,176,40,2,37,2,150,22,264,31,327,29,241,38,50,1,16,90,66.6,-0.45,2,75.2,4,1,0.167,23.4,0
146,2022,924,76,Houston,Amer,93,10.2,85.5,6.6,68.6,32.7,54.8,29.3,38.4,28.4,31.5,28.1,33.8,38.9,28.8,42.7,49,27,109,260,5,252,51,20,148,143,13,229,173,146,8,322,5,8,83.9,70.1,-0.03,3,58.8,9,18,2.656,13.8,1
147,2022,923,78,Illinois,B10,85.3,9.2,84.6,4.7,63.8,33.7,59.4,27.4,33.8,23.6,36.2,42.9,35.9,42.6,31.9,29.6,247,35,87,108,44,222,183,6,324,265,113,358,58,67,78,8,4,32,77.9,70,-1.2,1,27.3,15,14,-0.52,7.9,0
148,2022,922,79,Indiana,B10,89.1,12.8,84.1,5.2,63.4,37.7,53.2,30.6,35.8,31.2,34.3,29.4,33.3,31.1,33,40,153,6,76,141,48,112,27,41,253,84,42,280,198,322,144,260,12,64,65.9,72.4,0.88,0,8,31,43,1.322,-6.5,0
149,2022,921,82,Iowa,B10,90.5,8.9,87.5,6.4,63.7,35.2,57.5,39.2,36.9,25.4,37.8,24.5,36.4,39.4,32.7,36.3,112,38,161,246,46,175,120,306,211,221,190,109,45,134,127,132,5,64,78.4,62.9,3.46,0,51.3,12,20,2.094,15.5,0
150,2022,920,83,Iowa St.,B12,86,8.1,91.7,7.6,61.8,33.2,65.7,28.4,36.8,29.1,38.1,33.6,31.5,37.7,28.9,38,228,60,275,313,84,243,349,14,214,124,205,339,280,181,10,196,11,16,62.4,70.5,1.49,2,7.9,32,41,-0.127,-8.1,0
151,2022,919,84,Jacksonville St.,ASun,92.6,8.6,88.9,6.4,59.6,36,52.6,33,36.6,21.3,39.9,22.3,38,42.7,32.7,44.7,54,49,191,246,147,158,22,104,223,298,274,35,11,63,127,340,15,64,53.1,81.1,0.35,0,1.8,54,59,0.311,-28,0
152,2022,918,86,Kansas,B12,91.2,8.5,86.6,4.3,64.4,38.9,57.4,34,38.7,28,34.5,31.3,36.1,33.1,29.8,34.8,87,52,136,74,31,74,118,133,136,149,48,315,54,287,22,86,1,1,85.2,63.3,1.87,6,80.4,1,3,0.415,21.9,1
153,2022,917,90,Kentucky,SEC,89.1,11.4,91.5,6.3,70.5,33.4,58.8,33.2,38.9,38.7,34.9,31,34.7,28,30.8,35.9,153,15,269,239,1,235,162,106,127,10,61,312,103,350,41,116,2,64,86.9,67.5,-0.75,0,69.7,5,6,0.265,19.4,1
154,2022,916,100,Longwood,BSth,90.7,4.2,91.7,4,56.2,37.4,63.6,33.5,35.6,25.3,39.7,22.9,38.4,37.3,32.1,43.6,106,232,275,59,264,120,320,118,259,225,267,55,7,191,88,332,14,64,52.7,80.6,-0.67,0,1.5,56,53,-0.919,-27.9,0
155,2022,915,103,Loyola Chicago,MVC,88.9,6.4,95.1,3.8,61.5,41.3,57,32.6,37.2,15.3,36.4,29.4,37.6,43.4,30.9,38,163,118,340,40,91,31,105,91,193,352,120,280,18,50,45,196,10,64,67.7,72,0.41,0,8.1,30,39,0.067,-4.3,0
156,2022,914,105,LSU,SEC,94.3,10.8,83.5,9.8,59.7,41.3,59.5,33.4,34.4,24,27.8,20,31.6,34.8,28.2,46.5,32,20,64,355,144,31,185,112,304,255,1,8,277,247,4,349,6,64,70.9,65.6,1.66,0,24.4,16,22,0.685,5.3,0
157,2022,913,107,Marquette,BE,82.9,13.1,77.2,8.9,61,35.2,52.8,40,39.5,23,35.8,24.1,34.4,41.8,32,36,285,4,11,349,106,175,25,319,106,274,95,96,126,91,84,120,9,64,61.8,74.6,-0.04,0,4.7,46,35,-0.803,-12.8,0
158,2022,912,111,Memphis,Amer,89.2,12.6,79.1,7.8,62.8,40.1,52.3,34.7,37.1,29.4,35.1,22.5,35.5,30.4,32,42.8,150,7,20,320,63,50,20,155,199,117,68,41,71,332,84,324,9,32,74,72.5,0.6,1,16.2,21,36,2.068,1.5,0
159,2022,911,113,Miami FL,ACC,89.5,6.3,88,7.6,65.6,37.2,63.4,37.3,39.9,27.2,37,24.1,33.9,35.6,34.5,38.7,136,125,168,313,19,125,317,248,89,172,146,96,169,234,238,224,10,8,57.9,70,1.01,3,4.7,47,38,-0.828,-12.1,0
160,2022,910,114,Michigan,B10,88.5,7.2,85.9,6.5,64.5,33.7,63.9,29.4,41.2,34.2,39.3,35.7,33.9,32.1,32.4,34.8,166,92,120,256,28,222,324,23,53,42,247,347,169,303,113,86,11,16,70.7,68.7,2.17,2,15.5,23,42,1.111,2,0
161,2022,909,115,Michigan St.,B10,84.9,6.8,91.1,5.9,62,30.3,58.6,33.5,39.2,36,36.7,28.9,37.8,33.7,31.6,37.6,259,107,256,212,78,319,152,118,119,26,132,255,15,275,66,185,7,32,66.4,71.2,0.3,1,8.2,29,27,-0.71,-4.8,0
162,2022,908,124,Montana St.,BSky,90.4,8.2,83.7,4.2,60.9,37.4,58.2,34.9,41.6,26.3,37.8,29.2,37,36.2,33.6,35.9,114,55,70,67,111,120,139,162,45,191,190,270,29,212,181,116,14,64,53.7,78.5,-0.1,0,2,53,56,-0.554,-24.8,0
163,2022,907,128,Murray St.,OVC,81.8,7.6,90.5,4.1,59.5,41.2,61,31.5,40.9,21,38.7,27.9,34.5,37.8,29.7,40.6,300,77,239,64,150,33,259,61,59,305,224,225,117,177,19,272,7,32,66.7,76.1,-1.3,1,5,45,26,-1.186,-9.4,0
164,2022,906,132,New Mexico St.,WAC,94.5,7.2,85.1,4.5,64,33.7,52.8,30.5,38.9,25.2,37.4,27.2,33.4,41.1,29.8,42.4,27,92,99,85,38,222,25,37,127,228,175,200,192,104,22,315,12,32,59.7,72.6,0.81,1,5.4,41,48,0.142,-12.9,0
165,2022,905,134,Norfolk St.,MEAC,85.7,11.8,82.5,6.3,61.8,37.9,57.9,31.8,34.9,26.1,32.4,23.1,34,35.9,29.7,45.1,234,11,49,239,84,101,135,69,286,196,20,64,160,224,19,342,16,64,51.7,85.6,0.25,0,1.1,60,62,1.043,-33.9,0
166,2022,904,135,North Carolina,ACC,86.8,8.6,88.3,4.9,61.5,35.6,59,32.4,34.6,26.4,35.7,31.4,35.8,38,33.7,36.2,216,49,172,121,91,162,170,86,295,188,94,316,63,171,191,129,8,2,69.8,71,1.07,5,10.5,28,30,-0.068,-1.2,0
167,2022,903,149,Notre Dame,ACC,88.9,5.7,91.5,5.4,59.3,36.1,60.2,31.5,39.4,21.6,39.6,33.3,37.9,42.4,32,35.2,163,149,269,158,161,155,226,61,109,295,262,336,13,73,84,96,11,32,63.5,76,-0.58,1,5.1,44,45,-0.584,-12.5,0
168,2022,902,152,Ohio St.,B10,92.3,6.2,83.3,6.5,66.7,24.7,55.9,33.5,45.3,35.8,34.9,30.5,36.5,39.5,33.8,36,62,128,62,256,13,356,75,118,6,28,61,304,41,132,198,120,7,32,73.3,68.9,1.05,1,19.1,20,28,0.911,4.4,0
169,2022,901,166,Providence,BE,89.5,7.5,81.8,6.1,58.1,38.3,55,38,34.2,23.7,35.4,25.9,34.4,38,30,36.1,136,79,44,228,202,90,60,276,313,264,80,159,126,171,26,124,4,16,62.6,68.1,-0.03,2,6.8,37,15,-1.57,-5.5,0
170,2022,900,167,Purdue,B10,92.2,10.1,89.4,5,69.9,33.9,59.9,27.5,38.1,26.9,39,32,38.4,39.2,33.2,40.6,65,29,208,126,3,211,208,7,153,178,238,321,7,139,156,272,3,16,83.7,67.2,-0.01,2,55.2,11,11,0.966,16.5,0
171,2022,899,170,Richmond,A10,92.9,3.4,92.4,5.8,64.3,34.2,62.2,34.6,35.2,24.1,35.5,29.3,33,41.7,34.3,36.1,51,284,295,205,34,203,293,153,268,252,84,273,221,92,224,124,12,32,55.8,74.5,0.21,1,3,52,47,-0.947,-18.7,0
172,2022,897,175,Saint Mary's,WCC,85,3.4,82.5,3.2,59.6,42.6,52.7,35.9,38.2,21.2,41.3,35.9,35.5,36.2,34.3,28.3,256,284,49,19,147,13,23,200,152,303,301,349,71,212,224,4,5,32,69,72.8,-1.34,1,7.6,34,19,-1.185,-3.8,0
173,2022,896,176,Saint Peter's,MAAC,88.4,3.4,85.1,6,49.9,43.6,51.4,36.7,38.4,26.1,35,27,34.6,30.3,29.2,36.3,171,284,99,217,356,7,10,224,148,196,65,192,111,334,13,132,15,8,54.1,85.5,-0.8,3,1.2,58,58,-0.484,-31.4,0
174,2022,895,179,San Diego St.,MWC,90.5,8.6,85.4,3.9,58.6,32.4,54.9,32.4,36.2,36.9,31.2,29.8,35.4,30.8,30,37.8,112,49,106,50,183,266,55,86,239,20,11,287,75,326,26,187,8,64,67.5,70.7,1.18,0,11.3,27,31,0.065,-3.2,0
175,2022,894,180,San Francisco,WCC,92.6,8.6,92.5,5.1,63.2,36.4,55,40.4,37.5,18.9,39.9,29.1,34.3,44.7,28.9,30.5,54,49,299,135,54,146,60,326,177,332,274,263,132,37,10,16,10,64,69.9,72.7,0.2,0,11.3,26,37,0.909,-2.8,0
176,2022,893,181,Seton Hall,BE,90.3,7.8,75.3,6,53.4,38.1,48.8,37.6,34.6,26.2,40.2,28.6,33.2,35.7,31.1,33.8,116,71,6,217,326,95,1,262,295,193,281,246,204,232,53,61,8,64,63.8,71.5,0.89,0,6.9,36,32,-0.668,-7.7,0
177,2022,892,186,South Dakota St.,Sum,89,5.8,91.8,4,65.1,39.6,59.2,32.3,41.9,25.9,39.4,26.4,43.7,34.5,35.2,41.3,154,144,279,59,24,57,178,78,39,201,251,176,1,255,267,287,13,64,59.4,64.4,2.99,0,7.9,33,50,2.812,-5,0
178,2022,891,197,TCU,B12,86.8,6.8,88.8,7.1,61.2,39.4,58.9,36.2,35.4,28.9,34.3,28.9,30.2,31.7,30.9,34.9,216,107,187,290,101,62,166,212,266,128,42,255,324,307,45,88,9,32,63.7,69.9,1.4,1,7.2,35,34,-0.178,-6.2,0
179,2022,890,199,Tennessee,SEC,91.9,6.8,85.7,5.4,60.3,32.6,54.9,34.2,34.3,27.1,34.6,26.6,36,40.2,31.3,39.2,68,107,116,158,129,254,55,138,310,174,53,182,55,115,61,235,3,32,82.1,63.8,1.95,1,60.2,8,10,1.259,18.3,1
180,2022,889,200,Texas,B12,86.3,4.2,92.5,4.7,62.7,30.6,58.8,35.4,39.1,33.3,32.8,31.1,33,36.1,31.9,33.5,222,232,299,108,66,312,162,177,123,54,23,313,221,217,78,53,6,32,76.2,73.1,-0.64,1,19.2,19,23,0.125,3.1,0
181,2022,887,203,Texas Southern,SWAC,90.9,6,89.8,4.9,57.6,39.4,51.9,35.8,36.7,29.6,36.7,28.7,31.4,30.9,30.4,35.6,98,134,219,121,213,62,16,193,219,111,132,249,284,324,35,106,16,64,50.8,85,0.4,0,1.1,63,64,1.043,-34.2,0
182,2022,886,204,Texas Tech,B12,92.4,9.7,83,4.9,66.1,40,53.8,25.9,37.6,26,36,28.6,32.1,34.1,31.5,45.4,59,32,53,121,16,51,30,4,175,199,106,246,258,266,64,344,3,16,79.4,66.5,0.39,2,36.1,14,12,-0.157,12.9,1
183,2022,885,207,UAB,CUSA,86.6,8.1,83.6,5.6,64.5,34.3,63,32.9,36.5,33,31.2,30.1,38,32.7,32.9,37,218,60,67,183,28,202,307,103,228,58,11,295,11,294,136,161,12,64,63.8,81,-1.85,0,3.4,50,46,-0.766,-17.2,0
184,2022,884,212,UCLA,P12,82.4,3.5,90.4,6.1,59.1,29.3,57.1,32.8,42.2,39.5,36.4,29.2,35.4,31.2,32.1,38.1,292,276,235,228,168,333,109,96,32,8,120,270,75,320,88,201,4,16,83.9,65.2,1.75,2,65.9,6,13,1.457,18.7,1
185,2022,883,218,USC,P12,90.3,7.6,91.2,5,59.4,35.2,49.6,34.1,40.1,32.7,33.8,31.6,35.7,32.2,33.2,34.3,116,77,261,126,157,175,3,136,77,63,35,318,66,301,156,73,7,64,65.8,67.2,1.6,0,12.6,24,25,-0.056,-1.4,0
186,2022,882,227,Vermont,AE,93.3,2.9,91.3,2,67.8,36.8,54.5,32,41.9,20.1,35.7,30.3,36.8,43.1,34.4,37.6,40,301,262,1,8,135,41,72,39,318,94,298,34,58,233,185,13,64,62,73,0.98,0,6,38,51,1.637,-11,0
187,2022,881,228,Villanova,BE,83.3,5.8,84.3,5.7,57.9,34.3,57.1,30.2,34.6,19.4,38.3,27.6,35.9,46.3,30.8,42.2,282,144,81,196,206,202,109,33,295,325,216,212,58,17,41,311,2,4,80,66.9,-0.37,4,41,13,7,-0.939,13.1,0
188,2022,880,230,Virginia Tech,ACC,89.2,8,92,6.1,61.2,33.2,60.1,33.7,41.5,25.8,36.9,29.4,39.2,41,32.3,36.9,150,63,285,228,101,243,220,126,47,206,140,280,3,105,104,158,11,64,67.1,77.8,-1.25,0,4.6,48,44,-0.665,-10.7,0
189,2022,879,240,Wisconsin,B10,91.4,4.7,90.2,4.9,63,30.2,60,32.1,36,33.8,38.8,34.3,30.6,36,32.5,33.6,84,215,229,121,56,324,211,74,246,49,232,341,312,221,118,59,3,32,67.4,64.8,1.37,1,12.3,25,9,-1.555,2.6,0
190,2022,878,242,Wright St.,Horz,98.2,4,88.5,5.7,62.3,34.9,61.3,32.9,42,32.5,42.6,33,33.4,32.7,33.8,34.1,8,246,176,196,73,185,271,103,35,67,328,334,192,294,198,67,16,64,50.2,83.8,0.7,0,1.2,59,63,1.409,-33.6,0
191,2022,876,245,Yale,Ivy,85.4,3.7,94.4,3.5,56.2,36.9,60.8,34.5,41.9,27.2,37.4,24.3,32.6,36,30.5,41.2,242,268,333,27,264,131,255,150,39,172,175,104,237,221,38,285,14,64,50.9,82.6,-1.21,0,1.1,61,54,-1.211,-31.7,0
192,2021,875,1,Abilene Christian,Slnd,93.3,4.7,92.3,3.1,56.7,42.8,56,35.1,34.4,21.2,36.2,30.5,36.4,36,29.8,34.4,67,168,264,43,252,22,72,161,270,293,122,269,57,217,14,85,14,32,59.9,77.7,0.12,1,4,48,53,0.904,-17.8,0
193,2021,874,3,Alabama,SEC,89,7.2,86.4,6.5,57.2,40.8,59.2,32.9,29.7,12.7,34.5,32.9,35.2,46.5,29.2,34.2,143,57,134,277,233,45,171,95,341,347,70,322,104,18,10,76,2,16,80.8,67.2,-0.56,2,45.7,8,5,-0.742,13.6,0
194,2021,872,10,Arkansas,SEC,93.2,7.5,93.5,5.1,60.1,39.5,55.3,35.4,38.1,26.6,34.4,26.9,33.2,33.9,33.6,37.7,70,50,288,187,125,71,54,173,159,193,65,174,198,260,161,191,3,8,76.9,69.3,-1.22,3,30.8,15,9,-0.468,7.6,0
195,2021,871,14,Baylor,B12,81.8,9.5,90.8,6,63.8,35.6,62.3,33.3,38.7,26,34.8,32.4,41.3,38.4,32.9,34.3,275,19,237,254,46,160,281,109,136,208,79,313,1,159,123,81,1,1,89.1,66.8,-0.59,6,91.2,1,2,0.928,22.3,1
196,2021,870,25,BYU,WCC,90.6,3.4,94.4,3.5,65.8,28.2,66.7,24.8,45.5,33.2,33.1,40.5,36.7,38.6,32.7,34.6,124,244,304,62,22,330,330,3,9,58,30,347,47,157,114,90,6,64,70,71.4,-0.12,0,13.1,28,23,-0.531,-1.4,0
197,2021,869,33,Clemson,ACC,87.5,6.4,88.2,6.8,59.4,28.9,58.8,30.7,37.3,27.7,35.7,28.4,34.5,43.4,33.5,40.9,194,89,177,291,152,314,159,51,184,152,105,218,135,43,152,295,7,64,64.9,73.7,-0.52,0,5.9,40,27,-1.052,-8.8,0
198,2021,868,34,Cleveland St.,Horz,88.6,3.4,84.4,3.6,57.3,38.7,57.4,31.1,43.6,26.9,44.2,26.5,32.1,34.3,30.7,42.4,153,244,90,71,230,87,118,55,22,184,327,163,253,249,34,311,15,64,51.6,84.6,-0.57,0,1.1,60,58,-0.616,-33,0
199,2021,867,36,Colgate,Pat,88.9,1.4,100,2.2,61.6,46.8,56.4,37.8,34.3,16.9,39.4,26.1,40.7,36.3,26.5,36.1,150,336,347,10,83,5,89,248,274,337,235,147,3,206,1,132,14,64,60.9,76.5,0.44,0,4.4,47,55,1.196,-15.6,0
200,2021,866,38,Colorado,P12,85.7,3.6,92.6,4.8,59.5,31.8,56.2,34.6,41.2,31.8,36.1,30.3,37.3,36.4,33.3,35.1,220,236,271,159,147,270,79,147,58,85,118,262,31,203,141,103,5,32,70.9,70.2,-0.08,1,15,25,20,-0.63,0.7,0
201,2021,865,40,Connecticut,BE,92.9,7.6,91.5,5.7,56.1,38.1,51.4,38.7,37.9,28.5,38.2,28,33.5,33.4,32.4,33.3,78,45,251,239,265,104,9,269,166,131,197,207,178,270,96,55,7,64,75.2,73.8,-0.55,0,20.1,21,26,1.06,1.4,0
202,2021,864,43,Creighton,BE,90.2,9.7,90.9,4.8,67.2,34.2,58.5,31.3,37.9,22.2,34.2,29.4,36.1,43.6,31.7,39.2,131,16,240,159,11,203,149,57,166,277,57,242,64,40,66,243,5,16,78,71.1,-0.52,2,24.9,17,17,0.113,6.9,0
203,2021,863,48,Drake,MVC,88.1,4.9,79.3,2.8,62.8,34.6,59.8,31.8,42.9,33.9,40,32.7,36.4,31.6,30.4,35.5,169,160,24,29,58,188,196,65,29,50,251,317,57,302,23,112,11,64,64.3,77.6,-1.18,0,5.2,42,46,-0.567,-13.3,0
204,2021,862,49,Drexel,CAA,95.7,3.2,91.2,4.5,61.4,35.9,59.5,39.9,40.3,28.7,38.8,27,37.2,35.5,32.1,33,29,258,245,130,92,150,182,294,84,128,217,177,39,227,83,47,16,64,51.9,87.4,-0.21,0,0.9,61,61,0.311,-35.5,0
205,2021,861,53,Eastern Washington,BSky,85.2,3.3,89.5,4.2,60.3,35.9,56.4,34.4,45.7,24.2,38,29.9,36,39.8,32.1,35.8,228,251,205,110,120,150,89,140,7,240,188,254,70,110,83,120,14,64,55.8,76.5,0.44,0,2.7,53,56,-0.044,-20.7,0
206,2021,860,55,Florida,SEC,87,10.2,75.3,7.6,65.2,34.6,58.6,39.5,40.9,31.9,34.9,24.2,35.7,33.5,30.7,36.3,206,14,9,316,30,188,154,286,68,80,82,89,81,269,34,138,7,32,70.7,69.7,0.79,1,18,23,28,0.747,1,0
207,2021,859,58,Florida St.,ACC,92.6,12.7,76.1,8,63.9,37.8,52.2,34.1,37.1,27.3,34.5,26.3,37.6,34.9,32.5,39.5,82,4,13,327,43,112,15,131,190,168,70,153,23,239,101,256,4,16,81.7,66.9,0.71,2,55.6,7,13,0.93,14.8,0
208,2021,858,64,Georgetown,BE,82.8,6.9,80.6,6.9,54.3,28.8,57.8,32.4,38.7,32.3,36.1,27.7,36.6,38.8,33.8,39.9,265,69,37,300,300,317,134,84,136,71,118,198,52,148,175,264,12,64,61.1,73.4,0.56,0,4.4,46,45,-0.312,-12.3,0
209,2021,857,67,Georgia Tech,ACC,90.5,10.9,90.8,6.9,67.4,35.4,61.6,36.2,39.8,28.1,37.2,28.7,34.8,36.5,36.9,35.2,128,11,237,300,8,167,256,196,98,143,150,225,121,198,315,105,9,64,66.8,77.3,-0.86,0,5.7,41,34,-0.553,-10.5,0
210,2021,856,68,Gonzaga,WCC,91.3,6.1,91.7,3.7,72.6,48.2,57.5,33.5,41.5,18.5,36.2,32.8,36.8,33.2,32.7,33.7,110,108,254,77,1,3,123,116,47,325,122,318,46,278,114,67,1,2,92.3,65.6,0.25,5,82.5,3,1,0.514,26.7,0
211,2021,855,69,Grand Canyon,WAC,81.3,6.4,80.6,4.4,61.3,39,54.2,34.8,45.4,24.8,34,25.8,31.8,36.2,30.5,39.4,280,89,37,121,96,81,34,152,12,233,50,137,265,213,27,251,15,64,58,84.9,-0.65,0,1.8,58,57,0.311,-26.9,0
212,2021,854,72,Hartford,AE,82.8,3.9,75.7,4.6,58.6,33.4,57.6,36.2,40.5,24.2,39.4,22.9,32.4,42.4,29.1,40.8,265,222,12,137,182,223,127,196,76,240,235,63,238,53,8,291,16,64,48.3,88.9,-0.59,0,0.6,63,62,-0.787,-40.6,0
213,2021,853,76,Houston,Amer,91.5,5.4,80,5.1,64.9,25.8,55.5,33.3,36.1,32,29.6,29.1,34.8,42.2,29.9,37.6,103,132,31,187,32,342,59,109,233,77,2,237,121,55,15,184,2,4,86.2,65.2,0.71,4,91,2,8,1.158,21,1
214,2021,852,78,Illinois,B10,95.1,9.6,75,3.5,67.3,40.8,57.2,28.1,38.8,29.3,36.4,39.3,37.3,29.9,32.9,32.6,34,18,8,62,10,45,113,14,128,116,128,344,31,321,123,38,1,32,87.6,67.3,-0.94,1,69.1,5,3,-0.123,20.3,1
215,2021,851,81,Iona,MAAC,90,3.2,85.4,6.8,58.7,35.7,56.1,39.5,38.1,26.5,29.7,23.1,34.6,37.7,30.2,37.5,136,258,116,291,174,158,75,286,159,196,3,69,133,172,20,178,15,64,51.3,80.2,0.59,0,1.5,59,60,-0.086,-28.9,0
216,2021,850,82,Iowa,B10,88.9,5.3,85.2,6.7,62.5,34.4,56.3,32.8,39.6,25.9,35.3,27.8,38.6,39.8,34.8,39.5,150,135,112,284,65,196,86,93,108,213,92,202,10,110,233,256,2,32,86.2,69.5,-2.01,1,66.9,6,7,0.148,16.7,0
217,2021,849,86,Kansas,B12,77.8,5.7,88.1,6.4,58.2,34.6,58.7,33.4,37.9,29,32.9,29,33.6,36.4,33.5,37.6,312,122,173,272,202,188,156,113,166,122,27,234,173,203,152,184,3,32,77,69,-1.05,1,23.8,19,12,-0.88,8,0
218,2021,848,95,Liberty,ASun,88.5,3.6,90.5,2.4,59.7,36.1,54.1,35.2,47.6,16.8,40.1,29.1,38.8,47.1,31.8,35.7,159,236,231,15,138,145,32,166,4,338,254,237,9,15,71,119,13,64,57.5,73.8,0.79,0,3.6,49,51,0.154,-16.3,0
219,2021,847,103,Loyola Chicago,MVC,92.3,2.7,83.3,1.8,66.3,40.5,54.6,30.1,40.7,22.4,39.5,36.4,35.4,37.1,32.5,33.5,87,288,71,8,16,52,42,40,73,275,237,340,92,184,101,62,8,16,73.4,74.2,-0.09,2,14.4,26,30,0.582,-0.8,0
220,2021,846,105,LSU,SEC,96.6,5,92.4,6.4,66.8,30.6,63.7,33.1,38.7,32.5,33.4,22.9,34.8,36.9,30,44,20,153,265,272,13,293,301,97,136,66,38,63,121,187,17,327,8,32,71.7,75.9,-0.71,1,9.9,32,29,-0.168,-4.2,0
221,2021,845,109,Maryland,B10,91.9,6.9,96.6,5.9,65.9,31.3,57.5,31.4,37.8,25.6,32.8,26.7,35.3,43.1,34.8,41.9,93,69,328,251,20,277,123,60,167,219,24,168,98,45,233,306,10,32,70,76.2,-0.85,1,9.6,33,36,0.462,-6.2,0
222,2021,844,114,Michigan,B10,92.8,7.9,77.5,3.5,67.6,35.3,56.9,29.1,37.3,30.9,32.1,39.1,38.1,33.9,32.2,31.8,79,39,19,62,7,169,102,25,184,95,13,343,13,260,86,28,1,8,85.5,66.2,-0.17,3,69.8,4,4,-0.089,19.3,0
223,2021,842,122,Missouri,SEC,87.5,7.7,91.4,5.7,62.5,38.3,60.8,31.9,35.1,23.8,36.3,35.2,32.5,37.9,33.1,32.8,194,43,250,239,65,98,235,67,251,247,125,335,230,166,135,41,9,64,61.9,74.1,0.12,0,4.4,45,33,-0.877,-12.2,0
224,2021,841,125,Morehead St.,OVC,91.1,4.5,87.2,3.9,60.3,39.6,56.3,33.2,38.7,25.8,36.9,25.9,35.3,34.6,31.2,41,114,180,150,91,120,69,86,103,136,216,140,142,98,246,48,296,14,64,53.4,77.7,0.12,0,2.1,56,54,-0.481,-24.3,0
225,2021,839,134,Norfolk St.,MEAC,87.1,3.5,85,5.6,54.6,34.5,55.2,33.4,33.3,29.9,35,20.8,37.2,35.6,31.7,45.9,200,241,106,231,296,192,52,113,303,108,85,22,39,224,66,338,16,64,48.2,92,-1.37,0,0.5,64,64,-1.153,-43.8,0
226,2021,838,135,North Carolina,ACC,91.3,7.8,89.9,8.3,59.5,37.6,56.3,34.6,36.5,34.5,35,27,31.8,27.9,35,38.4,110,41,211,334,147,117,86,147,214,43,85,177,265,336,241,221,8,64,74.4,78.9,-1.8,0,11.3,30,31,0.065,-4.5,0
227,2021,837,142,North Texas,CUSA,91.3,5.1,82.2,4.8,65.2,31.7,59.9,29.6,39.7,30.7,32.6,34.9,37.2,37.6,32.6,35.4,110,145,56,159,30,272,200,31,100,98,20,333,39,174,108,107,13,32,60.8,73.7,0.81,1,5,44,50,1.02,-12.9,0
228,2021,836,151,Ohio,MAC,84,2.8,87.5,5.7,62.6,40.9,61.5,37.5,40.8,19.8,33.5,22.3,35.6,39.3,33.6,40.3,245,286,163,239,63,42,252,240,70,312,39,47,84,129,161,272,13,32,60.4,79.8,-0.62,1,2.6,54,49,-0.463,-19.4,0
229,2021,835,152,Ohio St.,B10,89.5,5.2,89.8,5.3,61.6,29,62.2,30.2,43.7,31.8,32.7,31.4,36,39.2,34,38.4,139,141,210,204,83,312,278,42,21,85,21,294,70,131,185,221,2,64,78.3,65.7,0.39,0,37.9,9,6,-1.069,12.6,0
230,2021,834,153,Oklahoma,B12,87.3,7.8,83,5.3,64.6,31.9,57.3,32.2,35.7,29.9,34.3,29.4,34.1,38.2,35.6,38.5,196,41,64,204,37,269,115,76,238,108,61,242,152,161,267,226,8,32,66.4,73.3,0.24,1,6.5,37,32,-0.734,-6.9,0
231,2021,833,154,Oklahoma St.,B12,87.5,7.3,88,6.4,61.1,45.2,55,36.5,33.5,22.6,34.8,25.9,33.1,32.2,31.9,37.5,194,54,172,272,101,9,50,205,299,268,79,142,204,293,76,178,4,32,74.2,68.1,-0.03,1,19.4,22,15,-0.925,6.1,0
232,2021,832,156,Oral Roberts,Sum,90.3,3.6,83.7,4.4,54.5,29.9,56.5,42.7,44.1,23.6,37.6,25.9,37.7,46.5,34.4,31.4,130,236,74,121,297,299,94,331,19,253,172,142,20,18,217,21,15,16,50.4,77.5,1.3,2,1.8,57,59,0.311,-27.1,0
233,2021,831,157,Oregon,P12,93.5,7.5,79.4,6.5,61.6,38.4,57.7,36.5,39.6,23.9,39,24.8,37.7,37.7,34.3,38.7,58,50,25,277,83,94,132,205,108,246,221,107,20,172,211,229,7,16,73.3,74.1,-0.65,2,13.7,27,25,0.108,-0.8,0
234,2021,830,158,Oregon St.,P12,92,4.4,95.9,6.8,56.9,31.4,60.8,34.9,37.6,33.3,36.6,26.4,35.1,35.3,30.6,38.7,91,184,321,291,245,276,235,154,176,55,131,156,107,231,30,229,12,8,57.1,76.6,-0.45,3,2.7,52,44,-1.084,-19.5,0
235,2021,829,167,Purdue,B10,83.9,8.8,90.5,4.9,60.5,32.9,63.9,26.2,41.9,29.3,36.7,28.5,33.3,37.8,31.8,45.3,249,26,231,167,113,235,304,7,40,116,132,221,189,169,71,335,4,64,73.9,70,-1.2,0,17.9,24,14,-1.002,3.9,0
236,2021,828,172,Rutgers,B10,83.5,9.9,87.7,7.8,59.9,37,57.9,33.7,41.4,29.7,34.3,30.7,31.3,33.3,32.3,35.5,255,15,166,320,133,129,135,121,54,112,61,277,284,274,89,112,10,32,66.7,71,0.71,1,9.2,36,40,0.357,-4.3,0
237,2021,827,179,San Diego St.,MWC,88.5,6.6,87.5,4.2,62.4,28,60.1,23,39.8,31.6,33.6,31.1,36.8,40.4,33.8,45.9,159,79,163,110,68,332,209,1,98,88,41,285,46,95,175,338,6,64,74.2,70,0.31,0,20.8,20,24,0.298,4.2,0
238,2021,826,191,St. Bonaventure,A10,97.1,8.4,93.8,4.8,58.3,40.9,53.3,35.8,34.8,27.2,31.3,21.1,34.4,31.9,30.7,43.1,17,31,293,159,196,42,21,184,262,174,10,26,142,298,34,321,9,64,70.9,75.6,-0.34,0,10.6,31,39,0.67,-4.7,0
239,2021,825,196,Syracuse,ACC,93.4,6.1,86.8,9.5,65.6,25.6,60.3,30.1,39.3,33.9,34.4,25.7,34.8,40.5,31.8,44.2,59,108,143,345,26,343,220,40,118,50,65,133,121,92,71,330,11,16,64,75.4,-0.35,2,5.1,43,41,-0.584,-11.4,0
240,2021,824,199,Tennessee,SEC,84.4,8.9,78.8,5.6,62.6,30.3,52.3,35.7,38.3,35.1,34.9,26.3,33.1,34.6,32.5,38,237,23,22,231,63,296,17,178,151,32,82,153,204,246,101,203,5,64,77.8,66.9,1.52,0,37.2,12,19,1.036,10.9,0
241,2021,823,200,Texas,B12,88.2,17.1,82.4,4.8,62,36.2,54.5,35.9,36.3,21.6,34.8,31,35.7,42.1,31.7,33.1,166,1,59,159,77,141,40,186,224,289,79,281,81,56,66,49,3,64,78.7,68.7,-0.88,0,35.5,14,11,-0.192,10,0
242,2021,822,203,Texas Southern,SWAC,88.7,6.6,79.5,4.8,58.6,44.8,52.3,35.2,36.2,27.9,36.9,26.3,27.7,27.3,32.3,38.5,152,79,26,159,182,10,17,166,228,150,140,153,342,339,89,226,16,64,46.9,85.3,0.32,0,0.7,62,63,-0.421,-38.4,0
243,2021,821,204,Texas Tech,B12,94.6,4.9,93.9,5.2,59.5,34.3,61.8,26.3,36.2,34.4,33.4,35.6,35.4,31.3,34.2,38.2,45,160,297,199,147,199,265,8,228,44,38,339,92,306,198,211,6,32,76.2,71.7,-0.21,1,24.9,18,22,0.739,4.5,0
244,2021,820,210,UC Santa Barbara,BW,87.5,7,85.7,1.5,60.3,37.9,54.8,36.6,43.5,28.1,38.1,31.9,34.3,34,33.1,31.4,194,64,122,3,120,108,46,207,23,143,192,306,145,256,135,21,12,64,60.8,78.6,-1.09,0,3,51,48,-0.947,-17.8,0
245,2021,819,212,UCLA,P12,90,3.9,89.5,5.1,61.1,28.4,59.7,32.4,42.6,40,40.2,29.9,37.2,31.6,33.7,37.7,136,222,205,187,101,328,193,84,33,6,256,254,39,302,167,191,11,4,66.3,73.1,0.52,4,9.3,35,43,0.101,-6.8,0
246,2021,818,215,UNC Greensboro,SC,84.3,7,90.7,5.6,59.6,34.5,56.8,36.3,37.1,26.5,36.2,22.4,29.9,39,31.5,41.3,238,64,235,231,141,192,101,199,190,196,122,49,318,137,57,300,13,64,57.6,79.2,-0.48,0,2.5,55,52,-0.525,-21.6,0
247,2021,817,218,USC,P12,91.4,10.6,91.8,3.8,62.1,32.4,50.7,30.2,43.4,36.6,34.6,34.7,36,31,33.3,35.1,106,12,258,87,75,248,7,42,26,22,73,332,70,310,141,103,6,8,77.7,70.2,0.25,3,27.9,16,21,1.062,7.5,0
248,2021,816,221,Utah St.,MWC,88.9,6.4,82.8,3,59,39.4,49.2,32,36.9,28,35.8,28.2,33.2,32.6,33.2,39.8,150,89,63,38,164,73,5,71,201,145,109,213,198,290,139,263,11,64,68.4,76,-0.58,0,9.6,34,42,0.149,-7.6,0
249,2021,815,226,VCU,A10,85.1,9.2,86.3,5.4,59.4,45.2,53.7,38.8,34.1,19.9,34.2,26.1,32.9,34.9,30.5,35.1,229,20,131,214,152,9,26,271,283,310,57,147,217,239,27,103,10,64,66.7,76.5,-0.94,0,6.4,38,38,-0.38,-9.8,0
250,2021,814,228,Villanova,BE,87.9,7.3,91.8,5.9,66.3,30.6,58.9,32.3,37.4,24.6,41,27.2,35.3,44.8,34.3,40.5,175,54,258,251,16,293,163,80,180,235,279,186,98,30,211,278,5,16,78,68.2,0.89,2,37.2,11,18,1.036,9.8,0
251,2021,813,229,Virginia,ACC,94.3,11.6,81.1,6.4,62.4,32.1,54.5,35.2,45.4,25.3,35.6,27.2,37.5,42.7,33.9,37.5,50,7,41,272,68,265,40,166,12,225,102,186,25,48,181,178,4,64,81.5,70.5,-1.51,0,37.4,10,16,-0.003,11,0
252,2021,812,230,Virginia Tech,ACC,86.7,6.1,88.9,4.9,61.5,32.3,56.2,32.5,39.8,26.8,39.3,28.6,35.4,41,33.1,38.9,210,108,194,167,89,259,79,86,98,186,233,222,92,79,135,233,10,64,63.2,72.9,0.14,0,6.3,39,37,-0.407,-9.7,0
253,2021,811,235,West Virginia,B12,94.8,4.8,92.5,6.3,58.7,31.6,61.7,39.3,34.8,35.3,33.8,22.7,36.4,33.1,33.5,38,39,164,269,266,174,274,261,281,262,29,46,57,57,279,152,203,3,32,78.5,66.8,0.22,1,35.9,13,10,-0.168,11.7,0
254,2021,809,239,Winthrop,BSth,88,5.4,87.1,3.5,61.5,33.5,61.3,28.5,41.4,27.3,39.7,34.6,35.2,39.3,32.4,36.8,171,132,146,62,89,221,249,19,54,168,242,330,104,129,96,159,12,64,59.1,77,-0.58,0,3.2,50,47,-0.857,-17.9,0
255,2021,808,240,Wisconsin,B10,90.7,4,90,5.2,59.5,27.4,58.1,32.6,35.5,31.8,35.6,33.9,36.5,40.8,33.5,33.5,123,208,222,199,147,335,139,89,242,85,102,327,54,84,152,62,9,32,74.4,78.3,-1.17,1,12.1,29,35,1.045,-3.9,0
256,2019,807,1,Abilene Christian,Slnd,97.2,3.3,86.7,2.9,61.7,34,61.7,32.9,36.4,31.5,38.1,33.9,37.7,34.5,33.3,33.1,7,272,116,7,124,220,224,88,164,49,258,340,37,284,112,18,15,64,51.5,85.6,-0.83,0,1,59,60,-0.749,-34.1,0
257,2019,806,9,Arizona St.,P12,88.5,12,79.5,7.8,60.3,40.1,57.4,35.2,35.2,24.5,30.7,21.3,33.6,35.5,33.4,43.5,173,16,15,316,171,68,76,157,214,211,20,56,218,259,117,317,11,64,61.6,75.3,-0.31,0,4.9,42,44,-0.616,-13.7,0
258,2019,805,12,Auburn,SEC,85.1,13,88.2,8.6,62.6,34.1,61.5,33.4,28.9,16.3,36.9,23.2,38.1,49.7,34.8,43.4,268,10,164,337,93,218,218,99,347,336,211,108,22,8,205,315,5,4,78.7,70.5,-0.23,4,27.8,14,18,0.33,8.2,1
259,2019,804,14,Baylor,B12,89.4,9,83.5,7.4,67.6,28,61.8,26.2,36.4,31.1,37.1,35.6,34.1,40.9,34.5,38.2,135,45,51,300,13,337,229,5,164,51,217,348,190,117,186,169,9,32,64.3,76.6,-0.65,1,4.8,43,35,-0.778,-12.3,0
260,2019,803,15,Belmont,OVC,96.6,7.7,84.8,3.5,68.6,40.6,56,31,34.2,15.5,39.4,34.8,36.8,43.9,34.5,34.2,10,69,77,21,8,58,44,46,251,341,308,346,60,50,186,38,11,64,63.7,74.7,-0.09,0,5.8,38,42,-0.47,-11,0
261,2019,802,20,Bradley,MVC,83,4,87.5,4.3,60,27.2,58.3,26.9,36.7,37.4,37.2,33.7,37,35.3,32.8,39.4,286,235,138,79,182,342,113,6,148,8,224,339,54,265,82,213,15,64,50,84.6,-0.57,0,0.9,60,59,-0.881,-34.6,0
262,2019,801,23,Buffalo,MAC,91,8.7,82.7,3.8,62.8,42.6,57.5,39.1,32.8,13.2,36.3,24.9,33.7,44.1,29.3,35.9,91,51,38,40,85,26,81,281,291,349,182,174,211,47,9,89,6,32,72.5,69.8,0.37,1,15.2,22,23,-0.305,2.7,0
263,2019,800,32,Cincinnati,Amer,88.8,7.3,83.6,5.7,60.8,30.6,52.2,31.5,36.4,36.1,36.4,25.7,34.5,33.3,35.5,42.8,157,82,55,208,156,304,7,58,164,13,187,195,170,305,245,301,7,64,69.4,72.6,-0.16,0,9.4,28,27,-0.532,-3.2,0
264,2019,799,36,Colgate,Pat,93.6,4.2,94.6,3.2,60.3,39,57.7,37.2,40.1,19.7,38.4,21.9,39.5,41.4,33.9,40.9,43,225,330,12,171,92,89,217,46,305,270,68,8,100,146,264,15,64,53.8,85.5,-0.8,0,1.2,58,58,-0.484,-31.7,0
265,2019,798,50,Duke,ACC,90.7,14.3,78.9,9,69.6,41.1,56.1,37,36,21.6,30.4,28,30.8,37.3,29.9,35,107,3,9,344,5,45,48,211,180,270,14,266,329,211,15,57,1,8,90.9,65.2,0.53,3,60.9,6,1,-0.512,25.7,0
266,2019,797,54,Fairleigh Dickinson,NEC,95.4,7.4,88.2,6.4,58.4,44.5,56.9,43,34.3,20.2,39,18.5,40.2,35.2,35.2,38.5,18,79,164,251,229,11,66,341,246,294,295,12,4,269,223,180,16,64,47.3,90.5,-0.99,0,0.5,63,63,-1.153,-43.2,0
267,2019,796,55,Florida,SEC,84.8,6.9,88.1,9.2,61.7,30.5,57.8,36.7,35.3,26.3,34.9,25.1,33.4,43.2,31.6,38.1,272,93,159,348,124,307,93,207,205,160,119,178,224,69,39,163,10,32,67.1,75.4,-0.61,1,6.6,34,40,-0.328,-8.3,0
268,2019,795,58,Florida St.,ACC,92.6,15.9,76,5.9,63.3,38,54.8,34.2,31.4,24.2,33.3,27,33.2,37.7,33.5,38.8,57,1,1,223,70,115,27,123,321,216,66,234,234,195,121,187,4,16,80.4,67.5,0.34,2,38.7,11,14,0.064,12.9,0
269,2019,794,61,Gardner Webb,BSth,87.7,5.2,85.1,4.4,62.9,42.6,62.5,31.6,33.9,19.8,34.1,23.5,37.7,37.6,33.7,44.9,196,175,83,87,81,26,257,60,258,304,86,120,37,198,134,331,16,64,49.7,91.9,-1.35,0,0.6,62,61,-0.787,-42.2,0
270,2019,793,66,Georgia St.,SB,77.2,7.4,90.5,6.9,57.3,40,59.6,34,36.2,16.5,37.2,20.3,38.1,43.5,32.8,45.7,326,79,231,281,268,72,158,116,169,335,224,39,22,63,82,338,14,64,54.5,77.7,0.12,0,2.2,54,55,-0.408,-23.2,0
271,2019,792,68,Gonzaga,WCC,92.2,11.5,83.6,4.2,70.2,43.5,50.7,39.2,43.5,21.2,32.4,25.9,36.3,35.3,30.4,34.9,66,17,55,68,4,19,3,283,7,274,46,203,82,265,21,55,1,8,90.8,65.6,0.25,3,103.4,2,4,1.508,25.2,1
272,2019,791,76,Houston,Amer,90.9,7.9,85.1,6.2,65.7,27.3,56.7,27.9,38,29.9,30.6,31,35.5,42.8,27.9,41.1,96,58,83,243,29,341,58,14,98,69,18,317,112,79,1,270,3,16,78.6,66.6,0.33,2,32.9,13,9,-0.345,12,1
273,2019,790,81,Iona,MAAC,80.6,2.9,94.3,4.6,58.5,38.9,58.1,35.2,40.8,16.6,38.1,22.4,35.1,44.5,36.6,42.4,311,293,325,104,224,94,102,157,32,332,258,80,132,40,293,298,16,64,47.4,87.1,-0.13,0,0.7,61,62,-0.421,-39.7,0
274,2019,789,82,Iowa,B10,86.8,7.4,92.9,8,62.3,36.5,62.6,38,35.2,24.5,36.9,20.9,36.4,39,32.4,41.2,226,79,290,322,101,159,262,249,214,211,211,50,77,168,68,273,10,32,63.2,74.3,-0.28,1,5.3,40,37,-0.67,-11.1,0
275,2019,788,83,Iowa St.,B12,91.9,6,91.9,4.9,74,30.4,63.2,28.1,35.7,29.9,33.3,32.7,36.3,39.6,33.6,39.2,76,136,263,133,1,310,274,16,189,69,66,329,82,148,127,203,6,64,74.1,69.5,0.47,0,18.2,19,24,0.018,4.6,0
276,2019,787,86,Kansas,B12,94.3,6.4,84.2,7.4,62.8,40,57.6,29.7,36.4,25,34,28.5,35,34.9,33.6,41.8,30,116,67,300,85,72,84,28,164,191,84,283,141,277,127,282,4,32,76.6,68.6,-0.34,1,24.2,16,13,-0.679,8,0
277,2019,786,87,Kansas St.,B12,86.7,7.8,92,5.1,61.5,29.1,62.6,32.2,37.5,32.5,31.6,24.9,33.4,38.4,31.4,42.9,228,66,267,150,133,328,262,70,117,39,33,174,224,179,32,304,4,64,74.9,70.9,-1.76,0,18.7,17,15,-0.961,4,0
278,2019,785,90,Kentucky,SEC,90.8,9.1,90.1,6.2,67.7,34,55,33.2,39.1,36.4,30.1,28.2,35.4,29.6,34.3,38.6,100,42,219,243,12,220,31,94,65,12,10,273,117,343,174,183,2,8,87.2,65.6,0.46,3,76.5,3,7,0.55,21.6,1
279,2019,784,95,Liberty,BSth,89.7,6.6,82.9,3.8,60.2,41.4,57.7,38.6,46,15.9,33.8,24.4,36.8,42.7,33.3,37,130,104,40,40,175,40,89,271,2,339,76,154,60,83,112,124,12,32,59.2,75.6,-0.14,1,3.4,49,48,-0.766,-16.4,0
280,2019,783,102,Louisville,ACC,86.3,9.2,91,5.3,62.8,31.7,60.4,33.7,34.9,24.6,29.4,29.1,34.1,43.8,32,37.2,238,41,251,169,85,282,188,105,225,206,6,294,190,54,54,133,7,64,69.9,71.1,0.33,0,11.1,26,25,-0.279,-1.2,0
281,2019,782,105,LSU,SEC,90,14.1,87.7,8.5,64.3,40.3,63.4,29.8,35,25.6,35.7,30.2,32,34.2,33.7,40,123,4,143,334,55,62,279,29,222,178,156,311,291,292,134,234,3,16,76.4,68.2,-0.59,2,24.6,15,11,-0.832,8.2,0
282,2019,781,107,Marquette,BE,88.1,5.9,83.8,5.7,57.7,29.9,55.3,36.7,41.9,28.3,31.7,27.7,38.8,41.8,32.4,35.7,184,140,60,208,254,314,34,207,17,110,35,257,12,98,68,79,5,64,69.1,73.2,-1.53,0,9,30,17,-1.08,-4.1,0
283,2019,780,109,Maryland,B10,90.7,10.7,90.3,5.9,60,38.8,58.4,32.5,36.1,24.2,28.8,28.1,34.9,37,31.9,39.4,107,20,228,223,182,97,119,76,176,216,4,271,146,220,46,213,6,32,73.3,69.6,0.43,1,18.4,18,22,0.039,3.7,0
284,2019,779,114,Michigan,B10,94.1,9.4,83.3,5,66.4,34.6,57.4,35.4,31.9,25.5,30.9,34.5,34.2,39.9,29.1,30.1,34,35,49,142,22,204,76,163,312,180,24,344,178,144,7,3,2,16,84,68.1,-1.13,2,49.5,8,8,-0.582,15.9,0
285,2019,778,115,Michigan St.,B10,87.6,7,90.5,5,66.5,35,52,35,38.5,27.1,29,27.8,37.8,37.9,31.6,37.2,198,88,231,142,21,197,5,144,79,141,5,258,33,190,39,133,2,4,86.1,65,0.84,4,71.9,4,6,0.357,21.1,1
286,2019,777,118,Minnesota,B10,87.2,8.7,90,5,59.9,40.9,57.8,38.9,32.7,29.6,35.8,27.2,31.7,29.6,34,33.9,211,51,215,142,183,49,93,277,294,75,162,238,301,343,154,33,10,32,61.8,74,-0.19,1,4.8,45,39,-0.801,-12.2,0
287,2019,776,119,Mississippi,SEC,85.7,7.3,84.8,7.5,68.3,28.5,67.4,30.5,38.6,31.6,31.6,35,35.8,39.9,37.4,34.5,255,82,77,305,9,335,340,38,76,47,33,347,100,144,320,43,8,64,64.6,73.5,0.16,0,6.1,37,31,-0.801,-8.9,0
288,2019,775,120,Mississippi St.,SEC,83.9,12.3,77.4,8.6,64.4,32.5,61.6,30.1,40.8,28.5,36.5,33.4,37.7,39.1,35.7,36.6,277,14,4,337,51,261,221,34,32,100,191,335,37,162,257,106,5,64,73.7,69.9,0.07,0,16,21,20,-0.555,3.8,0
289,2019,774,123,Montana,BSky,92.5,5.8,84.3,4.5,65,39,60.2,37.4,39.6,22.7,33.9,26.6,37.8,38.3,34.4,36.1,62,146,68,95,41,92,176,225,57,244,82,222,33,181,178,96,15,64,54.5,82.9,-0.12,0,1.6,57,57,0.046,-28.4,0
290,2019,773,128,Murray St.,OVC,89,13.8,89.7,5.6,65.1,45.4,57.3,39,33.8,18,34.5,25.2,34.9,36.6,28.9,35.8,150,6,203,197,38,5,73,279,261,323,107,181,146,234,4,84,12,32,66.5,72.3,0.91,1,7.7,32,45,1.186,-5.8,0
291,2019,772,130,Nevada,MWC,93.8,11.3,90.2,4.3,65.2,35.5,53.6,35.6,38,21.7,35.6,24.5,34.7,42.8,33.2,39.9,40,18,225,79,34,178,15,171,98,264,152,158,156,79,103,230,7,64,72.4,73.6,-0.48,0,13.5,24,26,0.078,-1.2,1
292,2019,771,132,New Mexico St.,WAC,98.5,6.5,96.6,2.7,63.5,40.1,60.4,30.1,37.5,13.3,35.8,30.3,33.8,46.5,33.4,39.5,4,110,345,5,65,68,188,34,117,348,162,314,206,20,117,218,12,64,63.9,77.6,-0.77,0,4.7,46,47,-0.176,-13.7,0
293,2019,770,135,North Carolina,ACC,92.1,7.4,87.6,7,69.2,31.7,66.2,27.9,35.4,32.5,30,28.3,36.2,35.8,33.5,43.8,72,79,140,286,6,282,327,14,196,39,9,278,86,253,121,323,1,16,87.3,65.6,0.25,2,58.6,7,3,-0.622,21.7,0
294,2019,768,140,North Dakota St.,Sum,85,6.4,80.7,4.6,60.8,31.2,59.7,37.2,39.1,20.8,42.9,27.2,36.7,48,37,35.5,269,116,21,104,156,294,162,217,65,279,347,238,63,11,306,67,16,64,46.8,90.6,-1.02,0,0.5,64,64,-1.153,-43.8,0
295,2019,767,143,Northeastern,CAA,90.2,10.4,89.8,4.7,65.4,32.8,62.7,36.8,40.1,20.6,40,27.3,38.1,46.5,33.9,35.9,118,24,209,117,30,256,263,208,46,283,320,243,22,20,146,89,13,64,56.5,76.1,0.25,0,2.8,51,52,-0.34,-19.6,0
296,2019,766,146,Northern Kentucky,Horz,80,3.1,92.6,4.7,62.1,39.5,60,35.8,40.4,19.2,35.5,25.1,36,41.3,32,39,315,283,283,117,108,83,172,179,39,312,148,178,91,102,54,192,14,64,56.6,80.1,-0.53,0,2.3,53,56,-0.335,-23.5,0
297,2019,765,152,Ohio St.,B10,98.2,4.9,90.9,4.6,64.8,31.2,61.3,33.1,33.2,28.7,32.7,29.4,34.1,40.1,32.7,37.4,5,192,248,104,44,294,211,91,280,97,53,302,190,138,77,144,11,32,62.6,75.5,-0.39,1,4.8,44,41,-0.632,-12.9,0
298,2019,764,153,Oklahoma,B12,90.5,5.6,92.3,6.3,59.1,36.4,54.4,35,38.7,30.5,33.1,23.8,34.6,33.1,33.3,41.3,113,153,279,249,207,162,23,144,72,58,59,133,161,312,112,275,9,32,62.6,72.8,0.51,1,5.1,41,36,-0.703,-10.2,0
299,2019,763,155,Old Dominion,CUSA,91.8,4.8,88.4,3.8,56.7,30.9,55.3,31.8,31.8,31.8,30,27.6,34.9,37.3,32.4,40.6,80,198,171,40,287,298,34,64,315,45,9,250,146,211,68,254,14,64,55.6,79.6,-0.4,0,2.1,55,54,-0.481,-24,0
300,2019,762,157,Oregon,P12,82.2,8.3,87.8,8.1,59.4,36.6,56.5,34.7,39.6,23.9,35.5,19.9,35.1,39.5,29,45.4,296,54,149,326,196,156,54,132,57,224,148,33,132,152,5,336,12,16,70.4,74,0.37,2,10.7,27,46,2.547,-3.6,0
301,2019,760,167,Purdue,B10,86.4,7.5,90.1,7.1,62.1,32.9,60.4,30.6,35.3,21.6,31.9,26.2,37.4,45.5,34.3,43.1,236,73,219,290,108,254,188,41,205,270,36,214,44,34,174,308,3,8,80.4,68.4,-0.71,3,36.9,12,12,-0.11,12,0
302,2019,759,174,Saint Louis,A10,83.1,4.7,87.5,5.3,57.2,40.1,56.8,36.5,32.4,27,32.2,25.9,30.4,32.9,31.4,37.6,284,202,138,169,274,68,61,201,301,144,42,203,336,316,32,149,13,64,56.4,79.6,-0.57,0,2,56,51,-0.834,-23.2,0
303,2019,758,175,Saint Mary's,WCC,88.6,3.6,94.6,5.9,57.8,41.5,57.2,39.9,42.6,23.3,37.9,28.5,37.8,35.2,32.1,31.6,165,255,330,223,248,38,70,297,12,233,250,283,33,269,58,9,11,64,67.1,77.2,-1.03,0,6.5,35,43,-0.356,-10.1,0
304,2019,757,181,Seton Hall,BE,77.7,7.3,83.8,6.3,58.7,43.4,54.8,34.5,33,19.9,40.3,25.3,32.4,36.7,34,40.2,325,82,60,249,218,22,27,128,287,303,327,183,271,229,154,240,10,64,60.3,75.6,-0.67,0,3.3,50,38,-1.196,-15.3,0
305,2019,755,196,Syracuse,ACC,94.6,6.8,93,8.9,61.6,29.8,55.5,28.8,35.7,27,36,23.1,33.3,43.2,32.9,48.1,27,95,295,342,130,317,36,23,189,144,169,104,229,69,89,348,8,64,70.9,73.9,0.02,0,9.3,29,30,-0.268,-3,0
306,2019,753,199,Tennessee,SEC,89.7,9.3,83.8,7.8,65.9,32.3,53.4,35.6,45.9,35.4,32,24.2,36.7,32.3,35.4,40.2,130,39,60,316,26,267,12,171,3,18,37,148,63,325,238,240,2,16,87,67.1,-0.49,2,68.2,5,5,0.202,19.9,1
307,2019,752,204,Texas Tech,B12,90.8,8.8,81,4.8,67.2,34.4,54.9,30,36.2,29.6,28.8,29.8,36.5,36,29.8,40.2,100,46,23,123,16,210,29,31,169,75,4,307,71,247,13,240,3,2,81.4,67.6,-0.24,5,43.6,9,10,0.284,13.8,1
308,2019,751,209,UC Irvine,BW,90.7,3,87.5,2.9,57.5,37.5,47.9,33.4,40.9,30.1,33.5,33.2,35.9,32.4,33.9,33.4,107,286,138,7,263,135,1,99,30,63,67,334,98,322,146,26,13,32,61,74.7,0.58,1,4.6,47,49,0.772,-13.7,0
309,2019,750,211,UCF,Amer,92.5,14,80.4,3.9,64.3,38,53.6,34,34.2,26.4,33.3,27.6,36.5,35.6,31.3,38.4,62,5,19,49,55,115,15,116,251,158,66,250,71,255,30,177,9,32,66,74,0.15,1,5.6,39,34,-0.578,-8,0
310,2019,749,221,Utah St.,MWC,90.1,6.6,88.9,3.1,63,41.3,48.8,31,36.8,20.7,35.2,29.1,35.7,38,35.4,39.8,119,104,183,11,76,41,2,46,145,281,128,294,105,188,238,227,8,64,67.6,73.6,0.13,0,8.1,31,32,-0.468,-6,0
311,2019,748,226,VCU,A10,86.2,5.9,85,4.9,64.9,36.6,52.2,41.4,33.5,22.2,30.4,25.4,30.4,41.2,28.5,33.2,239,140,81,133,42,156,7,323,269,252,14,187,336,105,2,21,8,64,67,75,-0.38,0,6.7,33,29,-0.701,-8,0
312,2019,747,227,Vermont,AE,80,2.8,95,3.6,57.8,35,54.3,36,42.6,24,35.3,26.3,35.9,41,35.1,37.7,315,297,332,28,248,197,22,185,12,221,133,217,98,114,220,155,13,64,56.3,78.4,-0.29,0,2.4,52,50,-0.587,-22.1,0
313,2019,746,228,Villanova,BE,89.2,12.8,89.5,6.3,64.8,26.9,59.3,35.7,38.6,19.5,35.7,24.7,35.1,53.6,34.3,39.7,146,11,196,249,44,345,149,174,76,307,156,166,132,3,174,224,6,32,76,72.5,-0.46,1,16.5,20,21,-0.165,3.5,0
314,2019,745,229,Virginia,ACC,88.7,10,90.8,5.7,65.1,32.7,59.6,30.2,37.7,27.7,30.3,27.3,39.5,39.5,28.9,42.5,161,31,239,208,38,259,158,36,105,124,12,243,8,152,4,299,1,1,92.2,65.1,0.6,6,121.2,1,2,2.354,27.1,0
315,2019,744,230,Virginia Tech,ACC,87.5,6.7,85.5,6.7,61.6,35.8,60.4,28.2,37.8,20.5,34.2,21.9,39.4,43.7,32.7,49.9,204,99,96,269,130,172,188,19,100,290,92,68,9,56,77,352,4,16,81.9,67.5,0.34,2,43.2,10,16,0.294,14.4,0
316,2019,743,232,Washington,P12,86,10.3,86.3,7.5,67.1,32.7,62.6,31.1,33.7,27.5,30.7,33.6,35,39.9,33.4,35.3,246,27,107,305,17,259,262,48,264,130,20,337,141,144,117,63,9,32,65.5,73.5,0.3,1,6.4,36,33,-0.378,-8,0
317,2019,742,240,Wisconsin,B10,86.4,4.6,81.7,4.7,57.2,37.4,55.8,33.9,39.7,28.1,31.3,31.1,35.9,34.6,31.5,35,236,208,29,117,274,138,42,108,55,117,30,319,98,281,34,57,5,64,72.9,74.2,-2.02,0,12.5,25,19,-0.817,-1.3,0
318,2019,741,241,Wofford,SC,92.6,6.3,85.7,4,63.1,32.4,60.4,36.1,41.4,23.7,35.8,24,41.4,43.9,32.6,39.9,57,123,100,54,74,265,188,188,25,227,162,138,2,50,73,230,7,32,71.8,70.7,0.46,1,14.5,23,28,0.227,1.1,0
319,2019,740,245,Yale,Ivy,94.3,9.3,82.6,4.1,66.9,39.9,58.4,35.9,38.6,24.8,33.2,26.2,36.5,35.3,31,37.8,30,39,34,63,18,74,119,182,76,198,62,214,71,265,27,156,14,64,58.4,75.7,0.66,0,3.6,48,53,0.613,-17.3,0
